N,P,K,temperature,humidity,ph,rainfall,label
97.45,46.64,41.62,26.17,84.41,5.66,287.38,Rice
101.51,44.57,41.36,22.69,83.84,5.84,182.6,Rice
64.13,43.99,37.47,24.05,82.73,5.22,283.97,Rice
86.61,47.92,36.44,22.55,85.28,5.32,251.27,Rice
80.99,45.68,38.5,26.74,84.97,5.35,264.68,Rice
71.69,48.81,35.1,21.18,85.49,6.03,245.14,Rice
88.27,45.62,36.3,22.24,83.85,6.15,250.31,Rice
63.55,49.53,39.04,22.32,86.53,6.14,267.94,Rice
77.41,45.57,40.83,25.21,83.8,5.68,206.81,Rice
72.06,52.58,43.39,23.37,87.51,5.89,220.65,Rice
95.42,57.11,39.91,26.24,78.45,6.06,242.61,Rice
85.51,48.07,35.03,23.12,85.89,6.3,224.45,Rice
77.87,44.36,42.29,24.08,83.68,5.94,242.91,Rice
104.53,43.11,39.18,22.81,81.34,5.86,247.83,Rice
90.08,46.03,36.46,22.76,84.14,5.45,235.16,Rice
96.06,59.29,40.44,23.95,84.81,5.03,239.2,Rice
90.9,62.9,39.52,24.03,84.91,5.31,274.28,Rice
101.28,52.44,37.73,25.95,81.5,5.97,300.0,Rice
75.14,43.96,40.25,22.62,81.12,5.78,208.13,Rice
97.1,41.75,43.87,22.13,84.19,6.06,203.07,Rice
93.41,55.67,35.98,23.82,85.65,6.04,202.89,Rice
70.19,50.76,40.74,23.94,85.87,5.49,246.97,Rice
94.4,43.04,44.66,24.33,82.02,6.0,210.76,Rice
101.81,54.74,37.95,25.19,86.03,6.06,296.9,Rice
86.32,42.79,37.78,22.07,84.81,5.88,248.3,Rice
102.41,47.58,43.63,23.04,91.8,5.98,214.29,Rice
73.94,50.52,39.44,24.75,86.18,5.72,214.6,Rice
67.28,44.71,42.14,23.87,81.89,5.81,251.56,Rice
76.74,48.46,40.15,21.5,85.89,5.96,272.49,Rice
105.81,38.89,37.66,24.4,86.28,5.94,300.0,Rice
98.56,54.6,42.39,24.64,84.21,6.03,216.82,Rice
86.45,44.47,40.2,27.55,80.33,6.01,191.62,Rice
82.92,54.31,40.16,21.61,83.21,6.0,218.09,Rice
93.25,47.78,38.37,27.25,86.58,4.99,245.59,Rice
80.07,52.83,38.02,23.3,86.26,6.07,203.99,Rice
84.98,44.53,38.37,26.59,86.01,5.28,267.54,Rice
121.83,53.95,36.2,22.65,88.17,5.48,253.31,Rice
101.62,41.71,39.85,17.83,82.44,5.66,202.57,Rice
114.49,38.56,38.9,23.73,88.6,5.21,274.89,Rice
90.15,41.37,41.16,23.85,83.5,5.78,228.44,Rice
91.7,51.64,43.97,21.33,90.33,5.02,235.45,Rice
98.82,49.26,38.44,23.14,83.77,5.53,265.49,Rice
95.36,43.17,42.25,24.04,87.03,5.99,215.13,Rice
81.6,52.17,41.53,23.46,85.29,6.23,222.25,Rice
98.21,46.24,39.46,25.42,87.06,6.06,279.16,Rice
90.32,51.76,39.22,24.07,84.67,5.79,257.85,Rice
77.73,60.58,37.48,21.38,87.9,6.05,258.72,Rice
99.43,47.42,37.76,23.63,83.31,6.12,235.59,Rice
77.62,45.49,41.03,22.51,82.94,5.84,247.35,Rice
82.4,44.56,40.58,20.97,81.48,5.48,233.6,Rice
94.66,56.72,42.14,23.22,84.95,5.37,239.44,Rice
85.67,49.52,37.93,24.41,88.83,5.71,252.05,Rice
100.35,44.99,40.56,23.52,85.24,5.46,240.74,Rice
97.47,56.57,42.4,27.27,83.08,6.08,245.5,Rice
122.85,42.45,37.9,22.45,79.69,5.55,217.23,Rice
92.26,49.64,44.69,25.16,83.56,5.41,254.76,Rice
70.2,58.95,42.95,22.68,80.72,6.26,236.56,Rice
108.57,37.53,38.5,23.51,85.12,5.58,258.69,Rice
73.99,46.61,40.3,24.4,86.78,5.33,193.98,Rice
109.17,49.58,38.13,26.21,85.29,6.19,242.03,Rice
120.91,58.47,39.38,25.2,86.61,6.26,211.05,Rice
100.29,54.12,35.6,21.43,79.9,5.65,261.53,Rice
112.54,47.96,44.07,21.08,80.74,5.73,251.52,Rice
89.51,34.58,39.78,21.22,86.67,5.89,211.8,Rice
82.29,40.88,39.84,25.17,82.54,5.94,224.09,Rice
78.11,46.83,37.41,22.53,82.01,6.49,241.06,Rice
79.5,48.84,39.72,23.11,86.54,6.03,224.08,Rice
81.36,45.78,34.25,20.85,88.42,6.37,232.53,Rice
98.65,49.45,47.7,25.46,84.68,5.39,191.81,Rice
93.05,42.77,36.44,22.37,82.3,6.38,266.45,Rice
89.88,56.75,40.19,21.99,88.81,5.95,208.88,Rice
87.14,42.03,36.54,25.12,89.77,5.23,256.89,Rice
80.24,44.46,38.52,21.99,85.12,5.44,248.11,Rice
89.25,46.01,37.73,22.49,86.89,5.94,210.67,Rice
91.49,52.2,35.83,24.45,83.34,5.96,217.1,Rice
62.93,37.33,40.12,23.95,82.74,5.99,190.15,Rice
89.01,39.93,38.37,23.58,82.85,5.61,270.19,Rice
81.35,52.72,37.18,24.43,88.6,4.82,216.09,Rice
98.66,46.23,40.93,22.44,85.22,5.69,275.03,Rice
93.82,49.61,38.97,22.65,83.92,5.9,227.37,Rice
94.35,60.47,42.18,22.93,88.0,5.6,178.86,Rice
74.88,35.81,39.12,23.53,89.19,5.87,233.43,Rice
102.44,33.68,40.59,24.85,81.3,6.18,250.15,Rice
83.77,51.45,45.68,23.82,85.62,5.58,214.5,Rice
102.46,42.15,40.18,22.66,86.2,5.88,271.13,Rice
82.35,45.81,37.55,22.72,85.94,6.03,212.34,Rice
103.04,55.97,41.03,26.78,83.07,5.28,186.64,Rice
112.44,51.59,39.86,23.99,82.19,6.67,243.88,Rice
91.64,52.04,41.2,23.89,83.02,5.93,296.46,Rice
110.18,57.46,38.72,21.77,84.69,5.77,272.83,Rice
64.61,57.06,39.6,22.75,82.47,5.13,264.7,Rice
91.1,39.44,36.76,22.91,89.17,5.65,194.91,Rice
86.31,45.8,33.26,23.4,84.42,6.01,295.47,Rice
106.9,45.82,37.23,28.0,85.15,5.76,239.28,Rice
92.97,46.6,38.57,22.54,84.92,5.55,218.61,Rice
91.6,45.91,43.76,18.86,87.73,6.22,177.8,Rice
84.86,45.18,36.48,22.14,82.22,6.41,268.07,Rice
109.07,52.01,37.18,22.58,86.22,5.29,261.39,Rice
86.4,45.16,41.78,24.28,84.1,6.18,207.57,Rice
99.24,51.21,39.23,24.07,81.87,6.1,234.45,Rice
74.77,54.06,18.24,19.33,57.22,6.48,68.99,Maize
97.55,34.49,24.24,22.97,64.52,6.05,89.99,Maize
79.62,54.4,20.29,22.84,63.18,6.23,88.85,Maize
62.9,39.07,21.86,22.88,64.08,6.26,89.34,Maize
74.6,42.64,20.49,20.3,67.04,5.61,97.86,Maize
84.73,49.1,22.46,26.25,70.07,5.56,69.01,Maize
73.75,47.66,21.29,20.87,65.93,5.97,77.36,Maize
65.93,41.73,16.62,20.3,70.27,5.89,117.9,Maize
84.93,48.66,17.85,24.08,62.12,6.3,117.0,Maize
79.04,54.68,18.24,22.42,73.85,6.01,107.66,Maize
87.08,43.98,21.58,24.69,68.11,5.66,75.91,Maize
77.52,47.03,21.55,22.9,58.32,6.39,92.63,Maize
85.6,54.25,22.08,23.53,64.65,5.63,90.37,Maize
82.08,49.2,16.81,20.07,70.27,6.24,93.52,Maize
80.28,47.69,22.35,21.34,65.48,6.08,79.57,Maize
76.91,48.89,18.8,25.33,60.53,6.18,79.5,Maize
94.47,48.73,22.58,19.16,66.34,6.58,86.03,Maize
90.65,44.27,23.52,27.67,63.19,6.08,103.17,Maize
95.8,44.23,18.95,21.87,58.28,5.91,72.45,Maize
72.32,47.28,20.59,25.99,60.01,6.62,82.33,Maize
79.51,51.72,17.19,23.36,65.83,6.43,88.61,Maize
104.55,43.51,18.67,21.1,62.22,6.01,99.86,Maize
94.21,43.93,17.92,23.56,62.24,6.49,87.54,Maize
64.84,57.17,24.49,21.12,63.06,6.36,89.18,Maize
86.59,60.06,19.56,20.7,58.1,5.98,84.59,Maize
97.95,44.26,20.56,22.46,70.94,7.2,78.36,Maize
75.11,54.03,21.7,26.66,67.92,6.12,92.38,Maize
91.09,52.63,21.27,24.9,70.85,6.77,93.11,Maize
78.33,48.42,23.02,20.66,66.84,6.1,85.36,Maize
92.78,48.69,20.12,19.44,68.73,6.49,112.04,Maize
76.92,48.87,20.62,26.05,64.52,6.35,92.6,Maize
81.87,44.71,20.49,24.92,59.87,6.3,76.25,Maize
91.95,37.98,18.6,23.35,72.83,6.23,78.06,Maize
98.81,38.45,14.5,23.49,62.49,5.87,93.85,Maize
82.44,43.97,16.8,24.46,68.25,6.21,108.08,Maize
69.3,37.97,18.27,22.4,66.22,6.16,89.4,Maize
67.48,56.52,19.79,25.01,66.71,6.42,92.12,Maize
84.48,51.52,23.32,22.94,68.55,6.22,103.0,Maize
73.24,58.76,19.9,19.28,65.64,5.99,95.51,Maize
73.47,44.71,15.28,21.48,52.88,5.66,94.51,Maize
87.86,50.16,17.58,22.39,64.98,5.82,103.79,Maize
88.77,46.12,20.07,22.97,54.79,6.16,76.48,Maize
69.98,45.74,24.49,23.94,62.14,6.46,102.49,Maize
89.25,47.87,18.38,24.07,66.97,6.59,92.94,Maize
90.5,44.15,23.29,22.94,75.38,5.99,106.7,Maize
81.98,43.43,18.79,21.78,67.12,6.45,77.83,Maize
79.76,60.89,24.32,23.48,65.19,6.3,92.67,Maize
69.77,45.89,15.83,23.4,68.24,6.07,104.67,Maize
67.74,38.35,20.56,24.86,73.42,6.08,98.48,Maize
79.61,46.42,22.21,23.97,57.12,6.8,102.25,Maize
73.74,49.97,21.24,23.09,62.25,6.0,84.68,Maize
91.73,50.9,19.07,24.24,50.76,6.68,63.25,Maize
76.38,40.5,16.76,25.11,62.66,6.38,84.41,Maize
84.77,47.98,16.79,24.74,62.53,5.67,79.65,Maize
95.01,52.81,19.13,21.71,63.39,7.03,89.77,Maize
84.3,53.94,20.6,21.92,64.02,6.22,84.53,Maize
87.28,47.82,21.83,22.32,65.39,5.5,96.45,Maize
83.46,53.74,12.76,27.2,64.3,6.67,72.0,Maize
86.13,40.92,18.44,26.81,64.05,6.33,95.88,Maize
84.96,48.44,20.91,27.91,64.71,6.33,98.13,Maize
91.06,54.92,21.6,19.93,73.17,5.82,88.78,Maize
72.46,47.1,20.82,23.22,67.11,6.86,90.67,Maize
77.56,53.53,22.97,19.74,67.99,6.51,81.28,Maize
93.76,46.56,20.31,22.11,65.08,5.84,67.0,Maize
95.95,42.21,17.52,17.65,61.81,5.75,105.53,Maize
90.1,43.2,25.63,24.71,63.38,5.31,113.64,Maize
66.1,37.22,22.56,27.99,71.92,6.46,92.43,Maize
88.53,52.24,20.7,22.73,64.69,5.97,81.49,Maize
63.07,46.89,17.53,20.02,65.9,6.77,96.48,Maize
64.29,41.31,22.35,20.29,63.88,6.46,72.9,Maize
81.05,39.16,18.5,23.22,57.04,6.42,84.75,Maize
85.52,48.9,23.41,22.78,62.85,6.3,91.79,Maize
80.49,47.75,18.25,21.01,57.99,6.91,69.45,Maize
73.07,43.01,22.24,21.84,71.24,6.0,88.49,Maize
71.65,60.91,17.03,23.2,68.17,6.41,82.68,Maize
78.7,47.77,19.63,24.67,76.05,6.04,67.88,Maize
79.12,63.62,17.99,26.19,73.39,6.04,92.11,Maize
96.28,45.13,19.49,21.19,59.93,6.01,69.7,Maize
80.34,42.69,20.58,19.0,66.65,6.56,60.08,Maize
83.74,55.17,16.98,26.26,67.1,5.99,84.3,Maize
85.58,47.98,21.35,20.43,65.85,5.72,83.61,Maize
70.96,42.9,23.09,24.96,68.05,5.84,81.04,Maize
92.13,48.39,25.8,23.38,65.96,6.13,86.67,Maize
78.48,51.93,22.39,20.73,58.34,5.56,91.35,Maize
68.97,34.04,20.97,28.11,64.97,6.56,86.02,Maize
79.01,53.24,19.27,23.1,66.61,6.0,97.4,Maize
78.25,42.78,21.34,20.48,65.14,6.25,98.57,Maize
84.75,47.34,22.04,25.63,67.79,6.25,68.6,Maize
69.35,45.59,18.48,22.08,65.28,6.45,84.12,Maize
84.87,47.9,15.06,20.39,64.28,5.8,92.5,Maize
95.31,55.12,19.47,25.85,65.74,6.12,77.33,Maize
76.98,45.07,20.43,22.86,65.02,6.41,99.88,Maize
89.5,38.22,13.62,24.6,58.17,6.17,70.37,Maize
61.98,50.88,21.9,21.2,52.04,6.05,89.9,Maize
65.21,48.65,19.96,23.8,65.6,5.89,99.96,Maize
78.41,47.33,17.67,21.5,60.58,6.19,106.4,Maize
66.28,37.42,23.68,22.03,61.65,6.64,77.43,Maize
98.26,51.74,18.78,27.35,61.97,6.53,88.74,Maize
93.02,57.26,20.08,20.8,67.3,6.0,110.17,Maize
81.37,45.22,20.46,19.47,60.14,6.7,76.79,Maize
27.15,70.85,82.96,19.72,18.49,6.78,69.34,Chickpea
46.26,65.48,79.37,20.33,17.83,7.53,96.24,Chickpea
30.17,73.3,80.14,19.27,19.29,7.57,84.04,Chickpea
43.04,65.22,77.9,17.96,14.05,8.54,71.73,Chickpea
33.34,65.77,80.77,19.82,18.29,6.89,78.75,Chickpea
37.12,65.95,84.02,19.49,18.1,7.66,88.8,Chickpea
36.36,59.39,81.0,18.35,16.21,7.62,89.29,Chickpea
35.16,69.43,84.26,19.24,20.9,7.6,66.79,Chickpea
40.65,69.88,83.22,19.67,16.79,6.48,78.43,Chickpea
28.62,63.87,81.47,20.67,17.59,6.5,83.33,Chickpea
43.97,63.69,79.66,19.01,15.82,7.66,79.09,Chickpea
38.15,61.95,78.91,19.72,16.44,8.33,77.0,Chickpea
36.69,73.33,76.45,17.24,14.71,8.04,75.86,Chickpea
54.19,63.97,80.46,20.54,20.01,8.54,89.06,Chickpea
42.68,71.2,81.95,18.45,15.77,7.25,78.72,Chickpea
31.6,71.85,82.39,19.09,19.22,6.54,78.55,Chickpea
29.62,55.83,79.79,18.88,19.27,7.64,72.32,Chickpea
48.91,75.13,81.46,18.77,15.56,7.02,88.17,Chickpea
49.13,77.15,78.78,17.88,17.21,6.14,82.42,Chickpea
33.89,64.59,76.01,19.51,16.2,6.52,58.46,Chickpea
34.79,78.58,84.15,18.54,16.1,7.54,72.51,Chickpea
37.26,72.29,83.07,18.9,16.69,6.7,73.8,Chickpea
33.3,69.8,82.28,18.2,19.24,7.08,79.84,Chickpea
29.4,52.35,82.21,19.74,16.58,7.29,83.87,Chickpea
23.28,64.19,81.99,17.75,17.44,6.4,83.5,Chickpea
34.73,57.41,82.91,18.27,15.78,7.38,88.61,Chickpea
27.38,67.89,81.07,19.69,17.26,7.02,73.79,Chickpea
35.65,60.8,72.7,19.44,18.36,5.77,72.43,Chickpea
39.64,80.36,80.05,18.27,16.73,8.11,75.16,Chickpea
29.01,64.48,77.62,19.12,19.44,7.45,78.11,Chickpea
32.81,57.73,82.21,18.92,16.73,9.25,82.24,Chickpea
29.36,64.84,82.87,19.11,14.84,7.82,74.99,Chickpea
49.05,74.25,78.88,20.28,17.1,7.78,83.64,Chickpea
28.65,63.48,82.57,18.67,16.39,6.65,83.18,Chickpea
50.47,60.83,80.06,20.41,16.88,7.53,72.03,Chickpea
38.21,66.33,82.46,20.19,20.88,7.61,82.44,Chickpea
36.46,65.29,80.85,18.7,17.25,8.07,72.45,Chickpea
43.55,75.73,79.7,16.88,16.09,8.06,79.83,Chickpea
27.51,64.35,82.1,19.55,16.64,7.02,77.06,Chickpea
28.08,77.6,79.19,20.22,19.28,7.87,76.76,Chickpea
38.03,67.35,77.74,19.32,15.23,7.99,76.52,Chickpea
36.51,69.27,79.35,19.59,16.29,7.79,69.91,Chickpea
35.95,79.62,77.5,18.32,17.77,7.36,82.63,Chickpea
38.67,71.47,82.77,19.41,16.64,7.67,94.25,Chickpea
34.01,61.41,82.77,18.88,14.0,7.78,75.99,Chickpea
34.32,69.57,80.48,19.71,16.35,7.57,78.05,Chickpea
40.54,71.35,77.66,20.09,16.2,7.76,82.75,Chickpea
48.79,66.1,79.13,18.98,16.55,7.75,67.88,Chickpea
27.1,60.83,82.38,20.71,16.84,7.14,80.53,Chickpea
43.71,61.7,80.6,19.98,17.75,7.37,87.51,Chickpea
14.73,71.74,78.36,17.17,17.77,8.11,78.97,Chickpea
42.15,77.58,83.29,20.64,18.11,7.3,67.99,Chickpea
33.15,62.23,85.43,18.82,17.18,7.59,80.33,Chickpea
47.71,63.61,80.49,18.26,15.02,6.87,79.72,Chickpea
31.78,63.17,76.48,18.92,14.74,7.73,80.62,Chickpea
24.07,65.57,78.12,19.32,19.01,6.08,80.86,Chickpea
33.8,71.7,80.53,18.25,16.52,6.75,88.07,Chickpea
35.16,79.38,79.85,18.29,14.73,6.12,68.12,Chickpea
37.0,70.68,76.05,19.9,16.28,7.34,92.09,Chickpea
41.73,65.82,77.77,16.85,15.92,7.12,72.6,Chickpea
34.02,67.98,79.44,18.35,17.25,7.53,71.82,Chickpea
45.58,66.88,80.05,19.71,17.35,7.85,82.15,Chickpea
30.41,69.76,77.14,19.11,16.95,7.12,79.04,Chickpea
20.89,64.07,80.23,19.16,15.46,8.04,73.5,Chickpea
42.27,70.17,78.38,20.78,15.21,7.82,87.5,Chickpea
29.97,76.2,79.37,19.29,17.39,7.17,86.08,Chickpea
40.95,56.57,83.26,17.34,18.55,7.95,71.82,Chickpea
31.92,60.59,79.46,18.69,18.17,8.07,90.47,Chickpea
30.78,66.19,75.79,18.19,18.45,8.26,70.74,Chickpea
30.56,67.33,80.7,18.19,17.64,6.95,79.89,Chickpea
39.1,67.54,78.91,18.89,16.87,7.02,78.06,Chickpea
46.99,71.01,79.26,19.7,16.5,7.98,82.77,Chickpea
34.2,70.3,76.07,17.87,15.21,7.34,92.99,Chickpea
51.73,71.49,81.25,17.2,16.19,6.76,75.34,Chickpea
33.74,64.55,75.05,19.75,15.39,7.4,95.56,Chickpea
28.1,51.69,79.28,20.1,19.94,6.48,83.73,Chickpea
31.51,66.84,86.61,17.5,17.38,7.54,88.14,Chickpea
35.73,69.43,79.02,19.27,16.49,7.64,77.23,Chickpea
37.83,67.32,82.82,18.95,14.34,8.04,73.21,Chickpea
30.1,63.78,83.44,16.86,21.71,7.91,81.67,Chickpea
34.59,69.28,81.3,19.65,17.83,7.31,78.52,Chickpea
33.87,66.28,82.83,19.59,14.0,7.66,81.46,Chickpea
34.86,65.07,82.81,19.95,15.84,7.5,72.71,Chickpea
24.65,63.58,82.16,19.95,17.77,7.7,83.87,Chickpea
30.19,70.2,82.0,19.75,18.78,7.69,82.64,Chickpea
43.03,67.33,77.8,18.84,15.88,6.83,78.92,Chickpea
29.06,65.58,75.27,19.21,17.0,6.74,84.94,Chickpea
42.03,57.45,78.09,18.23,15.59,7.77,78.55,Chickpea
33.02,54.98,81.59,17.76,17.09,7.42,90.2,Chickpea
25.18,48.63,80.46,20.8,18.86,7.38,76.31,Chickpea
41.05,61.42,81.19,19.51,18.59,8.97,82.94,Chickpea
31.18,67.34,75.58,18.31,16.39,6.92,81.14,Chickpea
28.83,74.51,80.0,18.99,16.51,7.35,86.19,Chickpea
28.5,63.39,79.24,17.65,15.77,6.95,86.56,Chickpea
36.97,68.71,82.13,18.86,17.59,7.19,81.99,Chickpea
30.63,52.26,79.66,20.42,18.39,7.85,89.27,Chickpea
35.66,68.73,78.46,18.68,17.92,8.0,78.95,Chickpea
31.62,67.5,81.5,17.56,14.0,6.91,70.84,Chickpea
31.19,66.58,78.87,20.45,17.49,7.44,84.67,Chickpea
26.46,73.99,79.81,19.67,15.39,6.28,86.13,Chickpea
29.85,61.86,17.83,22.81,19.42,5.96,84.74,Kidneybeans
31.49,65.45,21.51,18.64,21.22,5.76,82.45,Kidneybeans
32.13,64.29,19.43,17.51,17.02,5.73,159.28,Kidneybeans
32.4,67.38,19.34,20.06,22.46,5.6,130.07,Kidneybeans
31.97,71.99,21.1,20.05,22.68,5.82,97.03,Kidneybeans
23.91,68.14,23.87,16.9,18.93,5.77,106.14,Kidneybeans
28.58,69.02,19.44,23.72,18.7,5.65,102.68,Kidneybeans
17.23,66.4,24.15,20.05,21.9,5.59,91.13,Kidneybeans
25.16,65.51,23.2,21.39,19.55,5.78,116.21,Kidneybeans
34.63,77.38,17.46,17.97,19.3,5.72,115.49,Kidneybeans
33.67,67.03,19.2,20.38,20.04,6.01,68.83,Kidneybeans
28.65,80.15,20.02,19.52,20.87,5.73,135.89,Kidneybeans
13.68,77.08,16.44,19.33,20.75,5.82,69.04,Kidneybeans
30.39,80.15,16.59,20.47,20.34,5.8,105.43,Kidneybeans
23.49,70.55,24.51,19.52,22.76,5.59,83.48,Kidneybeans
30.45,76.78,20.89,19.22,21.5,5.59,118.6,Kidneybeans
33.01,64.67,18.82,20.66,20.74,5.74,152.24,Kidneybeans
25.96,65.26,18.38,21.86,21.18,5.67,134.73,Kidneybeans
36.37,63.75,15.33,22.52,20.3,5.85,60.67,Kidneybeans
33.08,59.93,21.83,20.04,19.83,5.7,120.44,Kidneybeans
28.16,71.15,24.94,16.09,24.33,5.76,84.78,Kidneybeans
19.19,66.32,22.3,19.68,24.14,5.57,104.73,Kidneybeans
19.67,69.77,22.22,18.95,16.94,5.77,114.83,Kidneybeans
30.03,75.22,17.32,21.7,23.59,5.53,112.19,Kidneybeans
24.35,66.99,20.87,18.78,20.32,5.75,80.54,Kidneybeans
20.71,71.75,17.13,21.67,22.31,5.53,89.75,Kidneybeans
34.96,61.37,18.84,21.16,22.87,5.72,91.56,Kidneybeans
36.39,78.37,22.45,20.21,20.09,5.65,116.76,Kidneybeans
30.11,76.26,21.63,16.24,23.34,5.63,96.36,Kidneybeans
29.06,79.97,27.77,21.52,21.18,5.82,124.97,Kidneybeans
25.5,78.72,20.58,21.24,22.67,5.8,123.88,Kidneybeans
23.64,64.01,17.25,21.1,22.86,5.81,142.68,Kidneybeans
27.47,71.68,17.27,19.03,22.72,5.86,98.39,Kidneybeans
27.05,58.01,19.11,22.23,22.51,5.81,106.12,Kidneybeans
27.54,63.37,21.75,21.05,22.36,5.68,56.55,Kidneybeans
34.36,64.51,17.84,21.73,20.81,5.88,118.88,Kidneybeans
31.77,58.96,23.03,20.65,20.85,5.77,65.03,Kidneybeans
30.05,61.07,16.62,16.19,23.45,5.67,139.51,Kidneybeans
24.15,56.83,17.21,23.09,21.23,5.68,108.6,Kidneybeans
30.64,74.48,23.62,19.1,19.18,5.7,110.86,Kidneybeans
21.48,61.52,20.86,19.88,21.56,5.66,99.82,Kidneybeans
21.72,73.06,22.59,15.38,19.87,5.56,90.37,Kidneybeans
26.98,58.44,17.7,17.49,21.86,5.76,88.76,Kidneybeans
28.61,64.08,19.32,24.18,23.85,5.59,123.67,Kidneybeans
32.57,60.32,22.05,23.84,19.54,5.64,127.9,Kidneybeans
29.2,70.95,20.85,20.98,19.18,5.88,131.32,Kidneybeans
26.07,67.23,16.17,21.29,22.5,5.74,130.3,Kidneybeans
25.41,71.03,17.45,19.94,21.19,5.78,96.69,Kidneybeans
26.68,72.66,18.91,15.98,24.56,5.92,75.92,Kidneybeans
31.81,64.36,20.66,20.74,21.09,5.65,89.46,Kidneybeans
21.77,62.3,19.83,18.21,22.69,5.94,91.95,Kidneybeans
29.0,70.62,21.18,20.19,22.8,5.81,77.15,Kidneybeans
32.93,73.05,18.09,20.09,22.7,5.72,129.14,Kidneybeans
42.27,62.59,16.55,20.76,22.76,5.72,137.7,Kidneybeans
19.13,71.83,18.49,24.3,24.99,5.65,92.63,Kidneybeans
32.87,65.08,19.89,20.06,18.14,5.75,89.48,Kidneybeans
24.42,76.52,16.86,22.03,21.01,5.72,122.78,Kidneybeans
29.63,71.07,22.42,19.17,20.43,5.61,86.43,Kidneybeans
45.93,75.28,16.62,16.69,22.34,5.82,117.35,Kidneybeans
25.91,66.72,20.82,20.21,17.62,5.72,85.84,Kidneybeans
28.6,86.16,20.92,19.22,23.11,5.81,114.45,Kidneybeans
31.29,80.35,17.17,21.18,19.88,5.82,84.33,Kidneybeans
24.89,65.66,22.44,22.3,19.32,5.76,89.03,Kidneybeans
19.63,66.14,19.23,26.07,22.26,5.58,92.29,Kidneybeans
33.88,80.55,16.04,15.3,24.77,5.8,85.46,Kidneybeans
30.84,51.03,20.01,20.82,23.12,5.62,106.93,Kidneybeans
21.72,69.1,17.76,18.98,19.76,5.83,124.32,Kidneybeans
26.03,67.74,16.38,19.25,21.41,6.08,79.98,Kidneybeans
36.65,73.73,20.7,24.4,22.15,5.8,103.8,Kidneybeans
35.15,74.35,18.44,16.7,21.14,5.65,103.57,Kidneybeans
35.23,64.64,19.89,20.15,22.98,5.47,91.35,Kidneybeans
28.82,75.0,18.77,15.31,22.58,5.67,78.23,Kidneybeans
23.6,66.35,18.49,14.49,23.07,5.91,119.66,Kidneybeans
20.39,66.24,19.98,21.5,22.67,5.66,106.84,Kidneybeans
30.36,76.6,21.76,21.97,21.65,5.93,114.22,Kidneybeans
22.12,76.27,21.74,18.89,20.66,5.79,115.42,Kidneybeans
28.73,69.45,24.25,22.68,21.83,5.87,81.77,Kidneybeans
29.99,78.81,19.45,17.88,20.36,5.61,87.34,Kidneybeans
25.18,58.72,20.04,22.26,19.91,5.94,116.49,Kidneybeans
33.94,63.39,22.14,17.27,23.06,5.77,117.45,Kidneybeans
20.15,61.91,21.49,17.63,22.31,5.58,124.08,Kidneybeans
19.8,70.95,21.56,18.26,22.52,5.78,92.88,Kidneybeans
21.2,55.23,20.87,16.09,21.67,5.72,120.28,Kidneybeans
25.61,65.44,21.83,20.84,22.05,5.81,70.45,Kidneybeans
32.23,71.33,17.46,19.39,21.43,5.73,112.51,Kidneybeans
36.45,74.26,16.72,21.56,23.83,5.8,129.55,Kidneybeans
40.08,73.9,20.62,22.61,21.75,5.75,97.09,Kidneybeans
37.27,62.38,23.83,21.25,19.05,5.8,57.75,Kidneybeans
31.41,73.03,18.52,20.31,24.92,5.69,81.17,Kidneybeans
36.76,79.77,20.01,22.53,23.85,5.66,94.08,Kidneybeans
35.19,78.03,21.41,17.8,24.98,5.68,97.46,Kidneybeans
29.64,77.21,22.13,21.04,22.31,5.76,117.56,Kidneybeans
11.69,65.65,20.6,17.12,22.18,5.72,144.5,Kidneybeans
37.33,64.59,19.62,19.82,20.71,5.77,87.94,Kidneybeans
20.43,71.39,21.57,17.99,23.07,5.67,110.7,Kidneybeans
32.63,67.29,21.14,18.71,21.16,5.72,88.2,Kidneybeans
26.4,57.82,18.77,19.29,21.05,5.72,103.61,Kidneybeans
30.5,72.97,18.38,16.99,19.68,5.69,97.08,Kidneybeans
22.69,59.4,18.86,20.45,22.54,5.68,95.71,Kidneybeans
21.71,67.3,17.88,21.43,18.37,5.71,111.77,Kidneybeans
28.65,84.33,20.87,29.74,54.52,4.67,142.78,Pigeonpeas
22.29,73.22,18.63,32.18,51.82,7.3,136.17,Pigeonpeas
38.95,72.59,21.21,33.51,56.97,4.55,137.33,Pigeonpeas
32.78,67.19,16.49,32.36,63.52,6.94,143.29,Pigeonpeas
33.45,65.21,15.74,29.96,62.81,5.79,138.31,Pigeonpeas
25.63,79.4,24.06,38.6,54.2,6.22,103.29,Pigeonpeas
36.73,60.2,20.54,29.48,52.06,5.37,128.28,Pigeonpeas
24.13,64.07,22.08,29.46,56.1,6.91,130.89,Pigeonpeas
23.01,66.06,22.95,33.03,52.34,6.36,114.69,Pigeonpeas
31.76,70.05,19.23,30.19,50.57,6.4,178.8,Pigeonpeas
23.52,70.36,14.78,30.89,54.84,5.32,119.25,Pigeonpeas
23.33,69.33,19.53,26.34,44.4,5.54,157.59,Pigeonpeas
10.33,64.38,18.68,36.32,53.07,6.29,148.88,Pigeonpeas
14.18,72.3,20.54,33.9,74.63,4.44,192.43,Pigeonpeas
25.7,69.3,19.89,31.33,52.15,6.25,103.28,Pigeonpeas
32.19,64.9,17.17,31.26,61.29,5.6,154.86,Pigeonpeas
22.93,72.24,21.71,37.58,54.12,6.5,147.7,Pigeonpeas
35.6,63.01,21.86,31.96,54.68,6.07,151.94,Pigeonpeas
26.77,68.84,23.95,35.21,59.35,5.66,120.55,Pigeonpeas
33.47,72.98,23.68,30.84,53.85,4.77,134.21,Pigeonpeas
33.73,64.58,21.6,31.98,56.62,5.14,147.34,Pigeonpeas
8.81,66.33,15.92,35.82,58.89,6.35,186.83,Pigeonpeas
21.57,78.42,22.33,31.85,60.68,5.17,122.33,Pigeonpeas
23.7,64.19,17.36,35.86,53.71,6.26,129.32,Pigeonpeas
16.12,69.19,15.22,32.31,48.16,7.49,170.06,Pigeonpeas
28.16,75.4,17.88,33.99,56.0,6.2,179.99,Pigeonpeas
32.08,69.3,15.86,29.86,54.39,6.07,113.92,Pigeonpeas
42.57,76.98,21.51,32.7,53.94,5.29,147.13,Pigeonpeas
29.11,59.74,20.84,32.07,45.46,5.35,133.63,Pigeonpeas
39.3,70.98,16.66,33.84,47.26,6.81,132.04,Pigeonpeas
26.91,75.79,16.78,28.66,52.08,6.78,103.22,Pigeonpeas
9.8,64.68,21.38,35.8,52.68,5.69,176.73,Pigeonpeas
15.81,65.07,20.48,33.74,52.45,6.03,76.57,Pigeonpeas
23.39,70.33,17.54,32.66,57.23,5.74,149.69,Pigeonpeas
21.48,66.21,21.53,32.93,52.07,6.17,164.65,Pigeonpeas
14.69,74.74,19.16,33.67,60.99,4.97,125.49,Pigeonpeas
25.7,62.6,24.34,30.14,52.22,6.15,111.94,Pigeonpeas
25.03,69.48,19.17,32.24,52.35,4.86,153.84,Pigeonpeas
38.47,67.62,20.56,34.4,48.65,7.28,150.56,Pigeonpeas
37.7,62.92,24.55,34.63,57.77,6.18,138.17,Pigeonpeas
35.0,68.38,15.08,29.43,54.07,6.23,143.44,Pigeonpeas
35.12,55.31,20.36,27.5,58.8,5.93,156.54,Pigeonpeas
22.1,75.5,22.6,34.1,54.35,6.43,125.56,Pigeonpeas
32.85,77.81,22.68,30.49,56.81,5.03,160.74,Pigeonpeas
30.32,55.81,17.1,31.72,53.5,5.09,155.7,Pigeonpeas
29.07,66.29,18.11,35.38,63.28,5.64,128.17,Pigeonpeas
30.57,65.26,19.65,34.53,45.45,6.99,147.0,Pigeonpeas
24.93,66.94,19.91,27.74,62.47,6.03,157.18,Pigeonpeas
33.45,61.12,21.18,31.76,59.23,4.4,142.27,Pigeonpeas
23.73,70.2,21.18,30.55,51.44,5.92,120.34,Pigeonpeas
32.76,65.19,12.73,31.47,49.81,4.78,110.97,Pigeonpeas
28.18,75.8,20.78,30.83,57.28,5.66,125.9,Pigeonpeas
20.29,56.55,19.03,32.93,54.52,5.69,118.99,Pigeonpeas
31.3,59.27,21.94,29.74,51.24,4.9,131.21,Pigeonpeas
33.6,70.72,22.45,33.94,49.48,5.75,123.54,Pigeonpeas
35.82,60.02,22.23,34.96,64.15,5.69,164.59,Pigeonpeas
41.76,63.64,16.16,27.33,58.56,4.59,134.76,Pigeonpeas
30.23,68.66,21.06,33.11,61.39,5.29,126.38,Pigeonpeas
22.67,72.69,22.25,33.74,60.92,5.12,190.85,Pigeonpeas
37.02,72.1,24.45,27.94,52.38,5.45,164.84,Pigeonpeas
20.94,72.23,23.43,34.41,56.42,5.26,121.71,Pigeonpeas
35.31,72.37,19.9,31.35,44.87,5.2,197.56,Pigeonpeas
19.5,68.68,22.52,29.05,55.92,6.7,145.34,Pigeonpeas
45.43,57.07,22.65,32.02,58.86,6.33,124.84,Pigeonpeas
28.93,55.89,21.51,33.32,58.19,6.79,155.11,Pigeonpeas
28.43,61.99,18.22,35.76,62.18,5.82,146.27,Pigeonpeas
21.85,74.83,21.66,37.84,50.61,5.72,151.36,Pigeonpeas
31.54,66.15,17.82,34.92,58.61,5.31,182.27,Pigeonpeas
34.81,68.34,20.2,34.02,50.69,6.02,85.81,Pigeonpeas
32.98,57.74,23.76,31.59,53.94,5.53,137.08,Pigeonpeas
36.37,51.95,23.19,33.43,48.96,5.19,191.1,Pigeonpeas
21.59,60.29,22.84,33.43,50.31,6.16,116.79,Pigeonpeas
34.38,74.13,21.33,33.49,63.81,6.0,112.5,Pigeonpeas
30.31,80.54,17.46,31.51,57.08,5.96,117.99,Pigeonpeas
34.51,82.0,20.49,30.01,47.26,6.19,175.36,Pigeonpeas
30.47,67.48,18.53,29.5,59.17,6.69,102.49,Pigeonpeas
37.44,71.09,23.5,28.81,48.17,5.89,158.83,Pigeonpeas
38.73,71.91,19.39,29.68,61.15,5.28,189.78,Pigeonpeas
25.72,77.44,21.7,32.12,52.4,5.74,156.78,Pigeonpeas
27.98,63.79,19.59,32.72,44.36,6.34,118.06,Pigeonpeas
20.29,56.95,15.52,28.77,51.45,7.46,130.54,Pigeonpeas
28.61,70.0,20.33,32.29,49.02,7.09,194.7,Pigeonpeas
16.98,61.1,19.3,29.85,57.53,5.45,204.54,Pigeonpeas
34.94,68.83,22.57,35.54,52.18,5.39,147.15,Pigeonpeas
32.89,68.37,16.06,30.29,54.63,5.94,199.24,Pigeonpeas
18.84,70.66,23.72,38.75,52.98,6.37,160.67,Pigeonpeas
28.72,66.88,21.09,25.54,58.41,6.09,138.88,Pigeonpeas
40.29,63.28,18.99,37.98,50.84,5.59,140.96,Pigeonpeas
32.75,68.8,16.77,31.04,51.96,5.94,156.71,Pigeonpeas
30.11,56.4,22.66,33.19,61.92,6.33,175.29,Pigeonpeas
30.42,75.91,21.31,32.23,66.36,6.67,160.78,Pigeonpeas
19.52,59.45,20.73,32.9,51.93,6.11,188.69,Pigeonpeas
31.85,60.37,19.72,30.29,53.06,5.69,131.86,Pigeonpeas
19.66,66.7,18.6,24.44,65.26,6.82,134.65,Pigeonpeas
27.62,60.18,24.24,37.72,55.78,6.77,149.82,Pigeonpeas
19.15,64.93,20.33,31.25,53.91,5.93,142.78,Pigeonpeas
27.83,60.87,18.21,28.97,59.89,4.42,176.72,Pigeonpeas
36.16,65.61,13.49,31.51,54.68,5.24,130.83,Pigeonpeas
37.06,71.66,17.69,28.11,53.36,5.84,158.65,Pigeonpeas
24.15,70.7,24.84,34.74,54.76,5.86,135.19,Pigeonpeas
34.88,43.58,20.11,28.1,49.36,4.52,56.13,Mothbeans
27.12,50.63,18.67,30.44,47.02,9.53,32.84,Mothbeans
30.22,50.47,18.01,28.85,60.5,3.5,58.16,Mothbeans
11.92,41.46,24.07,26.84,45.16,6.43,75.76,Mothbeans
16.05,40.93,23.74,31.72,51.85,4.74,76.08,Mothbeans
37.47,51.74,17.97,27.9,51.5,7.29,68.82,Mothbeans
33.0,40.77,23.44,28.63,56.79,9.13,39.99,Mothbeans
27.28,44.18,16.08,28.69,68.2,3.76,52.14,Mothbeans
31.5,48.27,19.72,25.4,53.95,5.52,27.86,Mothbeans
34.97,53.49,20.13,28.46,59.21,7.11,62.67,Mothbeans
25.64,55.7,20.8,28.39,44.56,7.22,43.14,Mothbeans
23.51,42.4,17.33,32.25,60.82,9.87,38.74,Mothbeans
27.95,39.42,18.26,26.16,60.25,6.11,64.52,Mothbeans
31.28,61.9,16.3,30.52,59.67,5.17,63.83,Mothbeans
29.6,46.08,17.94,26.56,65.31,6.75,61.3,Mothbeans
22.56,42.63,22.7,25.3,49.9,6.81,53.75,Mothbeans
26.38,49.97,21.73,29.47,46.34,6.29,65.94,Mothbeans
33.09,38.92,20.88,24.04,52.79,9.83,41.84,Mothbeans
22.29,52.28,16.14,26.73,56.23,5.72,49.85,Mothbeans
32.15,50.13,20.67,27.32,54.81,6.55,57.65,Mothbeans
24.39,46.36,17.53,27.93,47.43,4.94,55.41,Mothbeans
28.83,52.39,18.92,28.82,55.94,7.47,43.21,Mothbeans
28.43,49.78,20.02,23.83,53.5,10.0,48.45,Mothbeans
22.95,49.83,20.78,30.39,44.64,7.94,59.14,Mothbeans
26.61,49.62,22.57,29.74,45.36,8.08,51.77,Mothbeans
27.96,47.96,19.62,30.38,51.98,4.93,48.07,Mothbeans
28.62,55.18,21.51,26.3,68.03,7.18,66.85,Mothbeans
26.55,50.83,22.1,30.44,59.11,8.17,48.96,Mothbeans
23.93,49.58,22.33,27.55,59.16,9.11,42.19,Mothbeans
22.27,46.62,20.77,26.95,60.95,7.44,52.94,Mothbeans
18.53,39.28,20.7,23.73,58.83,6.49,88.98,Mothbeans
41.92,46.37,19.73,29.99,63.14,4.09,32.4,Mothbeans
23.61,51.14,21.24,30.14,45.0,3.5,62.15,Mothbeans
22.32,34.88,20.36,29.59,51.74,6.01,50.71,Mothbeans
25.18,39.07,18.21,29.04,54.51,7.02,41.3,Mothbeans
26.37,33.89,20.45,30.86,43.29,5.8,56.2,Mothbeans
35.33,44.7,18.27,24.06,53.15,10.0,55.62,Mothbeans
27.36,49.51,19.97,26.37,57.65,7.12,52.7,Mothbeans
21.4,55.65,21.66,26.89,58.76,5.94,43.7,Mothbeans
22.75,36.43,21.18,24.34,44.82,3.5,51.53,Mothbeans
26.56,45.46,17.39,25.66,55.4,5.86,56.06,Mothbeans
21.97,48.63,23.26,29.17,49.92,7.17,49.79,Mothbeans
27.55,45.46,19.59,28.42,46.29,5.1,36.88,Mothbeans
17.5,39.89,20.4,26.21,55.71,6.81,30.35,Mothbeans
31.59,52.57,17.52,28.84,47.15,6.91,38.27,Mothbeans
16.29,45.11,19.69,27.2,45.1,6.1,55.53,Mothbeans
27.22,48.64,18.32,30.34,45.15,7.54,65.8,Mothbeans
30.51,46.23,18.68,30.07,43.61,5.17,48.03,Mothbeans
35.24,49.87,17.58,27.38,48.66,5.6,63.51,Mothbeans
18.93,57.55,22.07,30.18,49.61,6.51,36.38,Mothbeans
24.22,50.59,23.24,25.79,50.22,6.5,36.8,Mothbeans
31.2,42.98,19.51,27.1,47.57,6.74,50.07,Mothbeans
25.18,42.95,20.8,31.31,53.37,8.37,36.86,Mothbeans
28.49,40.64,16.31,26.52,59.95,8.29,55.23,Mothbeans
17.92,46.27,20.75,28.35,40.98,5.3,51.78,Mothbeans
30.85,33.77,19.59,28.29,57.81,7.88,59.05,Mothbeans
22.5,35.57,19.02,30.0,61.21,7.9,57.33,Mothbeans
29.87,44.02,19.67,31.34,46.61,9.37,48.88,Mothbeans
35.78,38.71,21.46,26.53,43.65,7.11,63.86,Mothbeans
22.22,38.13,19.77,27.83,55.93,8.29,51.83,Mothbeans
39.1,48.9,19.13,24.78,50.86,6.2,63.3,Mothbeans
30.39,40.13,20.43,29.34,62.05,8.19,61.06,Mothbeans
27.88,49.93,23.12,25.33,50.32,5.49,56.77,Mothbeans
35.19,43.77,14.02,27.18,58.21,7.62,57.32,Mothbeans
25.75,39.51,21.29,26.33,66.15,7.68,45.97,Mothbeans
23.68,46.92,19.4,30.23,53.67,5.56,73.77,Mothbeans
27.81,52.31,18.48,28.73,54.44,3.68,75.17,Mothbeans
35.57,45.02,17.24,28.7,53.04,7.33,54.66,Mothbeans
30.66,56.55,21.42,25.9,61.02,9.42,87.96,Mothbeans
20.48,49.02,14.79,29.11,49.07,9.88,43.79,Mothbeans
16.94,44.55,15.06,29.5,39.59,6.8,29.12,Mothbeans
25.5,57.77,20.9,26.27,52.3,6.78,57.82,Mothbeans
18.96,51.2,13.24,26.74,49.45,7.78,52.75,Mothbeans
18.72,41.34,20.5,27.84,48.88,5.97,60.33,Mothbeans
24.26,46.95,25.42,25.15,40.93,8.02,44.87,Mothbeans
25.51,42.62,19.35,31.2,57.51,8.15,36.57,Mothbeans
20.31,29.76,17.98,29.91,55.73,6.39,52.25,Mothbeans
23.19,48.78,21.91,24.77,54.37,8.27,47.83,Mothbeans
31.88,65.09,19.74,28.79,47.89,7.04,57.68,Mothbeans
28.72,41.13,20.52,30.92,55.3,8.31,49.83,Mothbeans
32.19,49.25,17.62,28.64,46.3,5.72,54.63,Mothbeans
29.36,40.07,22.63,29.14,48.1,4.25,50.87,Mothbeans
24.71,48.21,19.09,23.99,50.07,6.25,59.63,Mothbeans
23.14,57.99,15.22,30.62,51.1,8.15,53.4,Mothbeans
34.62,45.08,17.25,30.84,51.79,7.11,66.39,Mothbeans
21.05,51.22,18.53,27.74,52.95,4.31,43.74,Mothbeans
35.94,53.04,19.84,28.49,50.66,8.95,50.25,Mothbeans
28.95,54.66,18.06,31.12,42.93,9.4,48.31,Mothbeans
25.98,35.69,18.86,25.92,48.7,6.53,63.28,Mothbeans
28.8,49.42,17.26,26.24,63.74,5.56,71.13,Mothbeans
25.98,47.51,22.68,30.54,51.81,6.12,51.87,Mothbeans
29.61,53.07,20.01,29.24,62.74,7.37,56.01,Mothbeans
18.01,31.06,20.97,27.81,49.28,7.15,51.82,Mothbeans
34.55,48.04,18.13,29.98,51.14,7.61,47.13,Mothbeans
23.44,48.03,20.03,28.96,50.82,3.77,47.63,Mothbeans
32.46,45.64,19.38,29.97,48.05,4.24,50.69,Mothbeans
24.47,41.46,19.56,28.98,52.44,7.25,72.9,Mothbeans
25.36,49.24,18.73,26.31,48.84,5.97,56.54,Mothbeans
42.18,43.02,18.96,27.87,54.97,7.18,66.95,Mothbeans
12.34,32.58,18.76,30.19,42.71,3.5,58.93,Mothbeans
29.02,40.69,17.54,27.77,85.28,6.54,50.59,Mungbean
9.66,42.14,17.18,28.31,83.65,6.9,35.88,Mungbean
27.78,50.99,24.64,28.14,85.81,6.25,32.55,Mungbean
32.78,47.47,22.95,27.47,86.3,7.17,50.12,Mungbean
29.23,47.55,16.07,29.52,83.47,6.83,37.73,Mungbean
20.13,56.47,19.13,29.59,84.8,6.24,53.08,Mungbean
23.81,51.87,20.06,27.34,85.41,7.25,50.58,Mungbean
27.14,54.22,20.53,28.66,82.27,6.76,53.97,Mungbean
22.27,56.4,19.77,27.83,87.49,6.63,52.25,Mungbean
25.68,47.13,21.23,28.72,80.01,6.42,53.31,Mungbean
26.67,44.23,16.6,27.69,79.95,6.67,43.76,Mungbean
21.46,47.07,20.91,30.07,81.22,6.99,53.58,Mungbean
22.63,48.77,18.86,28.64,88.77,6.85,50.68,Mungbean
24.81,38.22,19.48,29.4,81.18,6.44,48.29,Mungbean
21.35,42.55,18.94,27.48,82.56,6.88,39.33,Mungbean
17.51,43.56,21.83,28.35,83.84,6.71,36.59,Mungbean
30.59,49.9,18.98,29.25,82.18,6.98,48.47,Mungbean
25.4,47.38,19.73,29.42,82.31,6.51,53.98,Mungbean
23.78,53.13,24.25,28.2,86.7,6.41,52.22,Mungbean
28.75,50.46,18.39,27.25,86.26,6.18,45.52,Mungbean
33.38,48.7,24.87,29.27,83.37,6.71,47.2,Mungbean
17.61,41.62,18.6,26.97,85.12,6.64,37.04,Mungbean
30.03,51.97,20.57,28.26,86.48,6.87,49.42,Mungbean
22.35,49.23,22.99,28.05,90.24,6.57,47.7,Mungbean
23.3,48.9,15.64,28.09,82.27,6.73,53.72,Mungbean
31.54,32.68,25.11,28.72,83.06,6.74,48.6,Mungbean
23.33,48.74,18.48,28.2,83.28,6.34,48.41,Mungbean
31.16,50.72,22.05,28.74,83.67,6.91,39.02,Mungbean
21.87,41.47,22.7,29.21,86.22,6.97,42.0,Mungbean
29.68,46.72,22.12,28.41,84.04,6.84,52.98,Mungbean
23.32,47.12,17.35,26.63,85.5,6.85,49.14,Mungbean
15.32,45.31,14.45,29.53,82.28,7.01,53.41,Mungbean
21.87,40.42,20.88,27.87,85.26,6.58,36.37,Mungbean
13.56,48.92,18.6,28.09,86.74,6.99,45.8,Mungbean
25.37,50.63,16.61,28.67,86.38,6.87,35.4,Mungbean
22.74,42.01,20.25,28.86,88.74,6.58,44.39,Mungbean
34.69,49.35,23.17,28.72,82.11,6.37,37.8,Mungbean
31.64,54.93,24.62,29.13,87.91,6.55,40.27,Mungbean
32.81,50.11,20.27,28.79,85.81,7.02,55.59,Mungbean
30.9,52.79,21.29,28.15,86.89,6.35,54.09,Mungbean
20.03,49.29,17.89,28.92,84.92,6.3,50.13,Mungbean
23.89,53.01,20.0,28.8,82.61,6.55,44.63,Mungbean
32.85,57.98,17.99,29.31,79.58,6.4,41.51,Mungbean
19.05,37.6,21.03,28.34,85.95,6.87,49.16,Mungbean
31.61,47.07,17.03,29.29,83.53,6.47,46.39,Mungbean
21.79,44.89,20.86,28.76,82.76,6.58,54.21,Mungbean
30.6,60.47,22.95,29.36,81.53,6.89,47.17,Mungbean
24.06,48.55,22.36,28.88,82.8,6.89,43.52,Mungbean
28.85,45.6,19.45,29.07,82.4,7.19,36.12,Mungbean
23.76,49.81,21.46,28.42,84.86,6.8,46.06,Mungbean
36.21,52.75,22.18,27.78,84.8,6.62,41.21,Mungbean
29.75,44.14,21.64,27.7,89.3,6.48,48.87,Mungbean
32.45,43.93,22.13,27.58,88.63,6.7,43.77,Mungbean
25.63,52.56,18.54,27.94,84.45,6.41,58.88,Mungbean
23.96,52.7,20.52,27.76,84.99,6.9,46.32,Mungbean
34.96,53.88,22.3,28.16,82.3,6.55,48.73,Mungbean
30.91,33.93,19.98,28.62,84.31,7.02,50.14,Mungbean
35.69,46.15,22.34,29.73,88.28,6.43,45.91,Mungbean
25.34,50.56,21.72,27.87,85.17,6.2,56.51,Mungbean
24.3,47.85,19.23,29.36,77.91,6.7,46.84,Mungbean
24.66,58.29,17.78,29.08,85.89,7.02,43.33,Mungbean
22.92,54.35,21.06,27.34,83.65,6.8,52.74,Mungbean
23.25,29.29,21.31,27.58,79.96,5.99,52.59,Mungbean
28.3,46.09,23.47,28.98,89.04,6.35,47.28,Mungbean
17.4,46.07,19.38,28.97,85.11,6.86,51.9,Mungbean
40.97,45.53,17.65,28.68,82.99,7.07,45.73,Mungbean
23.97,44.55,21.8,28.38,83.4,7.12,42.15,Mungbean
27.72,51.58,15.92,28.86,82.36,6.91,41.48,Mungbean
31.83,54.41,22.15,28.69,84.42,6.56,56.69,Mungbean
23.13,41.02,21.66,27.9,82.62,6.34,44.48,Mungbean
26.98,49.02,22.38,28.9,84.52,6.65,50.69,Mungbean
35.45,48.29,18.83,27.76,81.39,6.87,51.11,Mungbean
31.11,46.7,23.52,28.14,87.39,6.69,43.7,Mungbean
31.2,50.06,20.89,28.56,84.91,7.3,54.9,Mungbean
32.02,48.2,22.52,28.89,85.07,6.62,46.99,Mungbean
7.68,48.82,18.78,29.69,85.05,6.4,47.19,Mungbean
20.96,50.46,20.73,29.22,83.02,6.71,38.97,Mungbean
31.88,50.74,21.24,28.5,86.04,7.1,45.72,Mungbean
28.37,40.71,17.83,28.57,87.76,6.64,46.03,Mungbean
24.96,44.16,20.74,27.38,88.2,6.53,52.01,Mungbean
19.56,51.68,21.68,28.79,82.51,6.76,40.11,Mungbean
25.92,53.93,21.99,28.51,82.56,6.86,47.62,Mungbean
13.0,52.39,19.94,29.4,82.26,5.91,49.24,Mungbean
29.32,36.93,17.55,30.57,84.24,6.88,43.43,Mungbean
14.44,46.44,19.34,28.2,84.71,6.77,46.56,Mungbean
19.6,50.54,15.13,26.96,86.85,6.83,47.14,Mungbean
18.78,43.08,19.34,27.3,83.15,6.86,56.42,Mungbean
24.88,52.23,15.21,28.99,82.99,6.78,45.95,Mungbean
35.75,42.03,21.57,28.29,84.6,6.65,42.21,Mungbean
27.41,47.11,20.6,28.56,86.99,6.93,40.93,Mungbean
32.93,40.09,21.47,28.96,80.22,6.72,44.57,Mungbean
22.76,55.94,18.37,27.9,85.19,6.87,46.61,Mungbean
34.79,50.82,14.55,28.1,83.6,6.82,31.09,Mungbean
43.43,50.82,20.37,29.39,90.86,6.92,53.43,Mungbean
28.32,46.62,18.81,27.88,83.28,6.36,47.03,Mungbean
16.97,48.69,19.91,28.61,83.69,7.47,56.0,Mungbean
19.72,48.96,18.48,27.74,81.65,6.81,43.24,Mungbean
33.55,53.71,23.43,27.86,86.19,6.86,44.54,Mungbean
22.68,57.56,20.57,28.98,82.94,6.4,43.94,Mungbean
26.72,40.85,19.98,27.23,82.2,6.87,51.27,Mungbean
45.05,61.14,17.43,29.07,69.92,7.23,65.64,Blackgram
40.29,69.17,17.94,28.7,72.47,7.21,68.09,Blackgram
39.55,68.82,22.66,29.06,72.57,7.32,73.74,Blackgram
49.41,71.17,23.54,31.12,65.62,6.89,68.39,Blackgram
39.43,66.6,22.74,24.52,73.25,7.28,65.78,Blackgram
50.9,67.52,23.07,32.46,62.25,7.15,66.73,Blackgram
48.02,62.95,24.37,32.6,64.73,6.67,66.05,Blackgram
50.22,69.0,23.13,31.97,71.14,7.08,62.29,Blackgram
46.28,74.13,19.87,31.26,66.3,6.74,67.04,Blackgram
49.43,63.4,19.41,27.65,71.7,6.93,72.95,Blackgram
57.05,66.99,17.48,24.79,61.98,6.66,72.67,Blackgram
48.22,69.94,14.45,27.01,70.83,7.07,66.95,Blackgram
51.03,77.72,19.45,30.17,68.22,7.6,59.63,Blackgram
51.77,66.78,21.42,28.36,67.32,7.18,79.17,Blackgram
52.55,62.2,18.94,28.87,60.77,6.92,70.25,Blackgram
39.54,74.05,21.22,28.16,66.97,7.4,70.25,Blackgram
47.55,66.01,20.19,28.72,59.61,7.51,68.08,Blackgram
49.99,67.14,18.16,29.54,61.5,7.57,62.87,Blackgram
41.05,64.75,23.22,30.04,62.86,7.31,70.24,Blackgram
50.87,71.97,25.99,35.46,64.92,7.41,68.94,Blackgram
50.62,56.92,19.57,27.97,70.61,7.27,59.72,Blackgram
47.36,74.51,19.53,31.82,68.82,7.09,66.48,Blackgram
39.9,60.49,21.77,30.05,66.98,6.89,66.36,Blackgram
54.04,65.4,16.65,31.86,66.73,7.01,73.53,Blackgram
47.37,69.31,17.05,29.45,69.79,6.61,68.25,Blackgram
48.13,67.76,22.59,30.84,73.04,6.75,68.01,Blackgram
48.03,60.82,22.39,35.81,67.44,7.13,67.82,Blackgram
43.04,56.12,18.24,26.52,73.89,6.97,66.2,Blackgram
53.06,60.49,18.08,30.17,71.36,7.13,68.43,Blackgram
47.99,70.0,20.5,27.43,67.67,6.73,67.8,Blackgram
44.5,83.37,19.9,26.49,67.0,7.13,73.78,Blackgram
43.82,57.61,22.04,26.55,65.86,6.94,67.24,Blackgram
51.81,63.23,19.32,29.96,68.06,7.02,69.14,Blackgram
52.77,69.95,21.13,26.04,67.69,7.12,70.23,Blackgram
43.17,63.38,18.56,31.34,71.38,6.9,70.9,Blackgram
48.27,66.72,19.47,31.87,68.72,7.57,64.3,Blackgram
50.74,64.19,17.83,29.97,68.02,7.73,66.81,Blackgram
40.44,69.21,14.81,29.77,67.56,7.2,71.15,Blackgram
44.35,66.56,18.08,27.18,68.66,6.68,65.95,Blackgram
41.28,70.94,24.5,26.75,60.55,6.97,67.56,Blackgram
48.87,64.71,19.5,30.92,71.4,6.51,66.12,Blackgram
48.84,61.76,24.33,28.41,67.35,7.14,65.28,Blackgram
35.96,64.82,22.57,29.16,64.33,7.23,66.26,Blackgram
44.31,68.43,21.93,35.95,70.6,7.29,65.6,Blackgram
41.09,67.89,20.27,27.3,66.84,7.1,68.85,Blackgram
50.65,69.32,18.73,28.72,63.0,7.45,67.55,Blackgram
46.09,61.7,27.34,27.32,65.89,7.1,69.75,Blackgram
53.49,78.8,21.27,27.36,66.54,7.08,75.26,Blackgram
38.76,75.02,20.45,32.09,67.12,6.79,70.32,Blackgram
51.59,73.58,19.97,28.5,61.65,7.2,69.09,Blackgram
41.46,64.13,18.83,26.29,64.43,6.72,65.95,Blackgram
42.88,57.33,25.06,33.13,64.58,7.07,69.07,Blackgram
54.94,62.38,22.73,28.63,62.49,7.18,72.34,Blackgram
63.67,60.0,21.75,28.98,70.44,6.63,62.76,Blackgram
42.65,67.99,18.4,31.65,71.35,7.15,73.57,Blackgram
50.1,59.89,23.41,28.49,70.91,7.39,69.21,Blackgram
38.15,61.76,23.31,29.58,67.8,7.19,70.11,Blackgram
49.24,66.2,19.22,32.14,69.58,6.94,71.56,Blackgram
46.69,62.18,18.1,27.55,66.48,7.31,64.48,Blackgram
48.68,63.4,19.35,26.22,66.67,6.95,69.53,Blackgram
48.9,60.01,22.71,30.53,68.24,7.0,65.56,Blackgram
48.86,70.47,15.63,28.65,66.54,7.06,71.97,Blackgram
42.68,64.39,18.72,28.0,66.2,7.19,63.55,Blackgram
50.17,56.86,18.6,29.18,73.78,6.93,59.25,Blackgram
35.01,67.71,21.53,30.94,68.13,7.29,65.48,Blackgram
53.09,57.3,17.74,25.48,66.47,6.99,67.93,Blackgram
47.89,61.7,19.52,26.26,72.61,6.92,65.67,Blackgram
57.43,59.74,17.19,27.26,67.25,7.11,70.27,Blackgram
63.57,53.44,21.52,28.61,65.3,6.85,64.09,Blackgram
58.03,72.76,20.06,33.38,61.83,6.67,59.33,Blackgram
43.13,68.51,20.26,30.37,62.21,7.2,68.4,Blackgram
52.08,55.67,20.78,27.03,66.01,7.13,67.84,Blackgram
42.18,67.54,16.17,32.88,66.73,7.28,65.53,Blackgram
44.23,62.72,22.19,28.23,69.92,6.9,60.09,Blackgram
43.94,60.13,20.08,27.02,70.97,6.98,66.83,Blackgram
51.6,73.52,19.95,28.07,60.85,6.83,65.19,Blackgram
48.17,65.34,21.72,28.47,67.29,7.3,68.78,Blackgram
47.12,63.74,18.42,27.87,65.47,7.19,66.67,Blackgram
39.06,78.55,20.8,26.48,65.84,7.03,73.89,Blackgram
40.57,73.6,23.5,28.43,66.46,6.74,66.74,Blackgram
47.27,71.62,22.73,28.13,60.12,6.99,68.6,Blackgram
49.06,65.46,20.31,33.79,68.93,6.91,65.62,Blackgram
46.44,77.73,19.54,29.95,65.69,7.27,74.85,Blackgram
50.32,68.02,20.09,24.04,70.29,7.03,69.11,Blackgram
43.05,65.1,18.97,32.55,66.08,7.52,69.12,Blackgram
39.53,66.7,18.37,24.51,73.5,7.18,69.5,Blackgram
48.53,58.86,18.79,32.1,63.56,6.37,66.65,Blackgram
46.61,68.35,21.82,31.59,68.47,7.3,61.8,Blackgram
50.65,71.42,16.9,26.24,64.7,6.83,70.33,Blackgram
43.66,62.15,18.47,32.8,67.55,6.96,67.09,Blackgram
55.58,62.82,23.29,30.53,66.9,7.63,63.54,Blackgram
45.29,59.8,22.38,34.22,73.76,7.31,66.76,Blackgram
45.22,57.06,25.09,31.17,65.66,7.33,63.85,Blackgram
50.04,66.42,21.6,29.84,62.06,7.02,71.43,Blackgram
47.32,72.34,17.39,29.93,65.16,7.19,67.62,Blackgram
51.81,74.3,21.73,30.68,63.76,7.0,65.5,Blackgram
45.35,65.16,17.55,25.11,64.99,7.05,62.44,Blackgram
47.6,79.38,22.56,34.11,68.97,7.29,64.79,Blackgram
43.47,50.38,22.97,33.85,65.43,6.94,64.67,Blackgram
49.89,74.53,15.64,31.02,66.46,7.03,69.22,Blackgram
26.32,66.85,19.47,26.91,66.05,6.73,38.65,Lentil
25.13,73.12,20.09,25.98,69.42,7.04,45.47,Lentil
24.31,51.54,19.58,23.02,65.98,6.59,43.4,Lentil
16.38,61.63,21.19,29.15,64.76,6.77,49.76,Lentil
22.43,69.79,18.15,26.59,65.38,6.76,41.09,Lentil
31.92,80.53,17.48,22.98,65.58,6.94,42.2,Lentil
9.79,75.99,21.9,18.77,63.48,7.24,52.24,Lentil
33.37,66.4,20.21,23.61,67.82,6.32,40.97,Lentil
33.81,67.22,23.45,21.99,64.86,6.3,45.04,Lentil
18.26,64.45,16.41,26.08,66.79,6.0,51.67,Lentil
43.11,67.79,18.4,32.47,61.7,6.66,45.9,Lentil
35.91,69.75,18.75,21.15,64.15,6.27,45.24,Lentil
23.97,58.16,23.14,22.51,61.83,6.59,45.34,Lentil
16.58,69.57,17.38,29.13,66.31,6.5,41.27,Lentil
26.84,71.33,19.94,23.35,65.15,6.42,43.28,Lentil
14.46,73.59,20.75,21.68,69.75,6.68,39.82,Lentil
32.85,69.99,20.99,22.72,66.13,6.55,47.78,Lentil
15.59,64.79,24.31,21.7,63.49,6.48,38.93,Lentil
13.7,66.06,20.34,23.84,64.64,6.67,50.11,Lentil
26.31,63.91,19.3,25.74,68.53,6.41,45.49,Lentil
29.61,61.3,20.05,19.6,60.58,6.79,43.08,Lentil
28.76,67.39,17.56,23.86,61.92,7.17,38.22,Lentil
26.28,60.99,21.43,23.01,63.7,6.97,45.15,Lentil
30.73,61.37,16.49,24.32,64.2,6.88,44.6,Lentil
28.78,57.35,24.72,23.51,66.74,6.34,46.54,Lentil
19.36,70.33,19.11,24.09,66.74,6.19,41.58,Lentil
30.36,80.61,19.65,25.77,64.73,7.38,36.26,Lentil
28.09,57.34,13.73,24.89,65.35,6.54,44.47,Lentil
46.86,65.89,21.28,22.05,65.74,6.56,42.95,Lentil
38.87,74.86,20.34,17.09,64.1,7.66,43.85,Lentil
34.4,76.51,20.55,21.47,58.91,6.91,40.93,Lentil
28.6,59.69,19.34,24.1,65.67,6.23,50.98,Lentil
23.77,57.03,19.73,24.1,65.4,7.16,43.82,Lentil
26.75,60.61,22.05,24.55,63.95,5.94,52.22,Lentil
19.83,63.8,20.9,20.41,61.27,5.85,48.6,Lentil
24.09,85.8,17.51,21.24,63.59,6.74,42.65,Lentil
31.33,61.38,16.55,18.61,59.44,6.46,43.5,Lentil
23.55,75.27,23.07,23.0,60.52,6.44,42.0,Lentil
23.39,63.14,18.37,22.84,63.41,6.73,46.8,Lentil
21.81,75.44,17.55,19.15,65.95,6.34,46.61,Lentil
12.48,76.2,21.68,19.5,61.3,7.28,41.31,Lentil
22.29,53.34,19.12,23.32,66.79,6.13,37.4,Lentil
30.32,73.79,16.07,27.24,65.09,7.06,44.65,Lentil
11.74,66.55,22.65,21.32,64.03,6.58,30.5,Lentil
37.95,61.87,21.26,23.74,68.14,6.8,43.83,Lentil
21.92,72.49,15.32,25.94,62.25,7.12,45.81,Lentil
31.53,68.01,15.62,21.42,66.68,6.71,50.9,Lentil
30.02,61.46,18.01,24.31,59.21,7.28,47.21,Lentil
35.17,57.62,23.11,30.69,61.7,6.94,45.01,Lentil
17.85,70.58,22.08,22.2,67.91,6.02,37.53,Lentil
28.35,67.66,18.21,26.43,66.33,6.97,44.38,Lentil
31.27,64.71,25.13,21.56,70.26,6.66,38.12,Lentil
36.05,68.29,22.13,27.67,65.84,6.43,49.88,Lentil
27.5,71.79,14.62,25.34,63.4,7.27,48.12,Lentil
29.0,70.54,17.5,28.87,69.98,6.8,52.95,Lentil
23.94,62.52,20.1,25.3,64.02,6.85,46.53,Lentil
21.26,70.74,22.16,24.51,67.88,6.19,47.34,Lentil
20.19,60.54,18.42,21.17,63.63,6.57,49.19,Lentil
25.49,57.59,22.85,21.49,64.85,6.82,46.0,Lentil
34.34,70.49,17.85,30.54,65.49,6.59,49.82,Lentil
29.06,70.0,26.23,23.17,64.21,6.69,50.36,Lentil
18.08,55.22,18.53,19.1,63.94,6.84,40.55,Lentil
18.58,67.93,22.16,18.92,67.05,6.96,49.77,Lentil
35.12,81.26,19.11,24.33,63.96,6.65,52.66,Lentil
19.09,62.12,23.44,27.06,64.09,6.97,46.71,Lentil
36.88,67.97,22.56,31.93,66.5,6.67,48.61,Lentil
25.22,82.42,20.45,23.18,62.91,7.06,49.34,Lentil
24.39,71.1,16.23,24.55,66.13,7.29,41.15,Lentil
19.51,61.9,16.66,28.01,68.87,6.77,51.11,Lentil
28.34,66.91,19.17,23.07,61.13,6.75,44.8,Lentil
32.16,68.08,19.59,21.39,65.18,6.93,39.28,Lentil
28.05,68.96,18.2,22.24,65.58,6.22,46.75,Lentil
21.9,74.14,25.84,21.42,66.34,6.38,50.2,Lentil
19.59,70.5,17.82,23.38,62.42,6.96,40.82,Lentil
30.95,65.35,19.71,24.44,63.1,6.73,52.65,Lentil
22.64,74.82,23.75,21.55,61.36,6.76,42.26,Lentil
39.18,67.72,17.99,20.56,67.72,6.44,45.22,Lentil
33.47,64.47,19.89,23.95,66.71,6.87,43.9,Lentil
27.9,65.18,16.31,24.77,69.73,6.32,41.13,Lentil
22.06,72.03,21.12,23.52,62.7,6.68,37.18,Lentil
28.4,72.95,16.87,19.4,68.95,6.42,50.68,Lentil
26.54,66.49,21.1,21.35,65.33,6.51,38.4,Lentil
29.61,65.85,19.61,20.37,68.98,6.98,49.82,Lentil
25.59,56.69,24.88,23.82,63.13,6.81,50.84,Lentil
27.36,75.49,22.71,20.77,63.32,7.01,31.44,Lentil
26.57,58.56,18.81,23.1,64.1,6.44,39.51,Lentil
41.82,79.17,17.09,28.75,64.0,6.7,44.68,Lentil
23.38,73.65,20.31,22.57,61.74,6.31,36.79,Lentil
27.58,60.02,19.34,28.11,68.0,6.64,44.56,Lentil
39.25,70.75,19.18,19.72,65.98,6.96,41.84,Lentil
29.32,65.23,19.54,16.54,64.45,7.01,41.84,Lentil
27.83,62.78,20.9,23.35,62.65,7.15,49.64,Lentil
23.72,70.61,21.34,25.93,60.76,7.03,42.15,Lentil
25.26,83.99,20.75,22.84,59.49,7.17,38.27,Lentil
21.23,65.43,23.54,26.32,64.61,6.77,42.0,Lentil
28.37,67.96,22.42,26.9,66.23,6.51,48.71,Lentil
26.93,60.74,18.99,24.25,67.28,6.58,38.95,Lentil
27.85,68.21,20.46,26.76,67.55,6.43,41.92,Lentil
21.0,71.87,23.62,23.05,64.4,7.2,47.53,Lentil
30.23,60.06,21.7,21.21,62.16,6.52,42.07,Lentil
26.12,12.8,42.4,23.47,85.13,6.77,102.97,Pomegranate
32.86,19.66,40.07,21.18,93.03,5.82,106.52,Pomegranate
34.38,23.58,45.81,20.57,92.39,6.3,108.08,Pomegranate
27.45,18.06,43.27,20.64,86.47,6.13,106.55,Pomegranate
36.2,20.56,43.3,19.12,88.89,6.23,104.71,Pomegranate
28.03,23.45,38.89,21.74,89.89,5.96,104.72,Pomegranate
26.6,19.17,40.08,21.63,88.92,6.89,102.08,Pomegranate
22.99,33.9,37.41,19.13,91.84,5.47,104.41,Pomegranate
40.91,12.28,35.05,18.88,92.25,6.83,103.72,Pomegranate
31.77,26.95,44.47,21.07,84.25,6.0,103.93,Pomegranate
25.88,19.06,42.8,23.73,89.57,6.82,105.89,Pomegranate
27.9,24.53,40.18,25.1,86.4,6.13,104.68,Pomegranate
30.25,26.34,39.94,19.01,92.11,6.67,100.15,Pomegranate
27.48,12.05,38.34,19.92,92.02,6.4,101.79,Pomegranate
33.0,12.83,40.83,20.08,89.09,6.56,106.3,Pomegranate
35.86,19.59,40.77,20.73,90.45,6.54,104.75,Pomegranate
16.23,21.66,40.91,20.31,86.79,6.98,106.23,Pomegranate
26.07,14.31,37.95,23.78,90.34,6.12,106.27,Pomegranate
22.41,27.5,43.38,20.68,88.43,5.24,101.3,Pomegranate
19.13,20.68,39.18,19.15,89.3,6.56,106.32,Pomegranate
15.63,19.36,36.54,23.08,91.96,5.97,103.08,Pomegranate
24.62,8.74,40.84,21.02,92.43,5.88,103.45,Pomegranate
18.08,14.98,37.05,23.24,88.25,6.4,104.05,Pomegranate
19.57,19.16,41.5,19.39,92.02,5.99,103.79,Pomegranate
30.82,16.68,40.09,20.95,90.32,5.34,100.43,Pomegranate
31.35,25.19,37.72,21.07,90.74,6.64,99.93,Pomegranate
21.96,18.34,41.76,25.87,89.43,5.75,106.01,Pomegranate
35.76,20.54,37.73,23.18,91.66,5.91,105.95,Pomegranate
33.73,25.91,39.83,20.87,93.07,5.84,106.1,Pomegranate
18.94,25.33,39.35,23.72,91.23,5.83,108.56,Pomegranate
37.2,24.41,38.1,20.96,90.36,6.05,109.23,Pomegranate
28.4,6.48,40.85,20.89,89.81,6.19,107.02,Pomegranate
34.5,21.42,39.15,21.43,90.05,6.01,106.45,Pomegranate
30.38,27.7,43.14,20.3,92.05,5.95,106.74,Pomegranate
24.27,14.88,40.7,16.82,85.62,6.27,105.21,Pomegranate
25.19,12.1,37.96,22.18,91.45,6.34,107.89,Pomegranate
29.98,16.26,39.3,19.04,89.73,6.82,106.71,Pomegranate
36.26,18.49,43.37,21.16,93.68,6.34,106.77,Pomegranate
36.72,19.03,40.55,23.76,89.67,5.79,110.36,Pomegranate
24.56,20.79,42.89,20.44,87.48,6.46,100.52,Pomegranate
25.7,21.23,39.33,18.8,93.99,6.39,108.58,Pomegranate
25.87,15.6,40.67,21.12,87.06,6.97,103.44,Pomegranate
16.0,26.64,38.74,20.44,85.59,7.09,101.78,Pomegranate
27.87,24.56,41.05,21.4,85.75,6.01,105.47,Pomegranate
22.58,21.02,41.7,23.18,86.93,7.28,106.92,Pomegranate
27.49,25.45,45.91,18.98,89.44,5.34,105.48,Pomegranate
29.78,19.8,38.36,17.91,90.93,6.97,103.52,Pomegranate
30.25,12.16,41.14,20.81,88.09,6.03,104.02,Pomegranate
29.89,13.44,39.01,21.43,87.25,7.11,102.87,Pomegranate
23.32,15.11,44.5,22.47,87.66,6.82,105.5,Pomegranate
29.11,18.28,38.13,22.09,88.64,7.12,101.83,Pomegranate
37.1,19.44,40.75,22.96,88.42,6.72,98.23,Pomegranate
23.0,15.38,36.87,21.12,90.96,6.65,105.6,Pomegranate
23.34,21.85,40.31,23.14,91.94,6.36,102.76,Pomegranate
23.42,17.25,39.21,21.97,91.79,6.33,105.04,Pomegranate
28.4,17.42,37.69,18.43,88.26,6.55,103.24,Pomegranate
26.01,22.33,41.3,19.61,92.49,6.83,102.18,Pomegranate
22.35,25.96,39.63,17.62,86.5,6.24,102.09,Pomegranate
24.92,20.16,43.66,20.99,92.68,6.96,108.59,Pomegranate
29.28,10.18,41.15,23.33,89.8,7.09,107.15,Pomegranate
31.05,25.43,40.83,17.14,88.75,6.86,102.98,Pomegranate
26.1,14.78,44.46,24.44,87.79,6.41,103.3,Pomegranate
31.34,22.55,42.03,22.08,97.34,5.91,100.72,Pomegranate
25.04,12.16,36.27,19.75,87.69,5.94,106.3,Pomegranate
24.34,19.1,42.24,20.16,89.34,6.51,100.15,Pomegranate
12.59,21.73,41.23,25.11,90.4,6.7,104.51,Pomegranate
29.36,28.34,34.69,22.22,95.34,6.47,109.13,Pomegranate
23.57,19.84,40.08,17.62,87.08,5.88,107.06,Pomegranate
32.95,21.62,42.06,21.21,93.0,6.35,105.14,Pomegranate
25.84,23.42,38.95,23.21,87.17,5.88,106.72,Pomegranate
26.95,17.73,42.23,20.44,89.5,6.94,108.85,Pomegranate
37.33,18.59,43.08,19.84,87.73,5.35,109.18,Pomegranate
22.1,19.37,37.72,22.72,89.06,5.8,106.1,Pomegranate
18.54,15.81,34.73,19.01,90.45,5.52,101.3,Pomegranate
27.49,17.28,44.98,24.71,87.83,6.59,106.87,Pomegranate
23.77,12.52,39.97,21.2,88.91,6.54,103.12,Pomegranate
20.3,20.55,40.96,19.44,92.32,5.6,103.55,Pomegranate
25.89,16.82,38.59,24.77,87.87,7.39,106.09,Pomegranate
28.08,22.38,46.32,19.76,87.2,6.03,105.08,Pomegranate
16.71,20.11,44.23,21.76,89.27,6.09,107.25,Pomegranate
22.34,29.23,44.83,21.95,89.97,6.79,107.74,Pomegranate
22.46,17.37,36.69,22.22,91.67,5.78,103.86,Pomegranate
19.08,15.51,41.38,20.22,89.25,5.66,105.47,Pomegranate
27.22,16.36,39.53,21.82,87.96,5.72,109.51,Pomegranate
23.54,19.52,42.53,27.68,86.89,6.54,103.23,Pomegranate
24.13,16.4,37.19,21.43,86.31,6.75,105.14,Pomegranate
30.14,17.67,39.08,22.0,87.09,6.2,102.85,Pomegranate
21.93,9.45,43.35,20.3,92.91,6.8,101.79,Pomegranate
20.7,32.8,44.38,21.44,90.64,6.08,106.08,Pomegranate
23.02,9.84,36.7,21.54,87.17,6.32,102.31,Pomegranate
22.61,24.27,40.62,21.48,92.2,6.55,108.62,Pomegranate
24.63,17.85,36.75,20.75,92.41,6.9,107.4,Pomegranate
16.29,25.42,35.4,23.07,89.08,6.65,101.67,Pomegranate
34.82,12.68,38.33,19.75,85.61,6.39,109.52,Pomegranate
44.17,20.49,42.79,21.91,91.25,6.2,105.49,Pomegranate
30.86,17.11,39.81,21.4,92.07,5.9,104.87,Pomegranate
39.45,25.82,43.37,21.54,90.8,6.78,108.9,Pomegranate
15.3,13.42,43.27,21.02,88.32,5.82,103.61,Pomegranate
18.74,30.46,39.94,21.4,91.47,6.76,107.36,Pomegranate
34.21,16.85,39.26,22.85,88.68,6.35,106.0,Pomegranate
110.89,71.39,51.79,27.21,81.77,6.19,117.06,Banana
115.15,90.92,53.61,27.86,80.08,6.22,110.49,Banana
102.68,85.03,49.91,26.43,83.23,6.01,120.37,Banana
92.81,79.02,50.08,28.92,81.0,6.08,96.55,Banana
96.32,84.52,46.59,26.84,81.25,5.75,117.04,Banana
114.18,72.68,47.67,24.64,78.04,6.19,101.9,Banana
108.46,72.99,51.99,26.81,80.03,5.98,95.46,Banana
96.35,88.55,51.0,28.81,80.81,6.04,92.05,Banana
102.97,82.33,54.88,28.36,83.84,6.15,99.67,Banana
105.88,83.98,47.65,27.02,79.49,6.4,89.39,Banana
114.04,76.65,46.57,28.97,81.83,6.31,111.01,Banana
120.45,85.99,49.61,27.93,83.11,5.81,100.11,Banana
102.68,69.35,50.35,25.14,80.13,6.22,101.42,Banana
117.58,73.37,52.98,28.34,75.71,6.68,104.52,Banana
98.42,73.71,49.45,27.34,80.26,5.93,109.75,Banana
102.09,70.41,49.63,24.54,80.88,5.76,106.23,Banana
114.86,76.57,52.65,26.96,84.38,5.91,98.7,Banana
110.15,79.78,47.9,26.9,79.89,6.34,90.49,Banana
105.17,86.41,50.48,29.14,79.81,5.95,109.44,Banana
105.74,80.06,51.29,26.68,78.47,5.87,115.15,Banana
80.84,84.97,50.09,25.4,80.77,6.12,109.42,Banana
85.11,91.04,48.16,28.36,81.85,5.78,109.95,Banana
102.11,69.55,52.92,26.53,77.86,5.9,107.04,Banana
104.57,85.93,46.65,26.57,79.71,6.47,104.15,Banana
113.14,82.74,48.79,27.19,79.58,6.15,115.31,Banana
107.7,89.92,47.59,26.98,78.19,6.08,102.31,Banana
110.47,76.68,50.11,28.36,74.84,6.53,102.88,Banana
89.81,83.49,50.08,27.4,82.48,6.19,107.23,Banana
108.38,81.85,54.44,25.65,80.35,6.02,111.1,Banana
98.67,71.6,50.39,27.85,83.72,5.68,113.66,Banana
122.76,80.14,46.77,26.99,80.04,6.14,100.56,Banana
116.66,75.53,45.65,28.88,74.31,5.95,128.38,Banana
104.91,75.5,49.86,27.44,80.4,6.17,97.21,Banana
117.66,84.03,51.82,26.71,83.22,5.94,107.08,Banana
98.0,76.27,51.72,26.95,77.87,5.84,110.24,Banana
100.28,81.76,50.04,25.1,76.32,6.08,99.47,Banana
112.93,88.54,51.8,29.77,79.79,6.16,100.62,Banana
123.39,94.9,50.03,27.98,83.4,5.96,100.08,Banana
111.55,82.99,50.46,26.46,75.71,6.06,111.79,Banana
103.31,91.48,48.24,26.18,79.83,5.98,110.77,Banana
99.19,91.05,54.92,27.45,83.12,5.74,113.06,Banana
112.85,87.9,49.96,23.81,78.4,5.84,97.66,Banana
105.92,79.88,47.94,26.18,78.21,6.28,100.04,Banana
101.14,79.65,50.85,28.07,72.39,6.26,115.77,Banana
97.12,76.42,48.87,26.55,80.56,5.51,96.62,Banana
116.54,76.7,53.11,27.94,75.48,6.16,104.12,Banana
101.58,84.03,51.19,28.38,82.95,6.1,94.68,Banana
101.45,100.89,51.81,30.46,83.49,6.06,107.26,Banana
104.73,71.64,50.05,29.01,78.5,6.1,111.39,Banana
98.18,79.68,47.46,26.47,76.78,5.77,115.65,Banana
98.13,83.29,48.74,28.97,83.28,6.22,107.3,Banana
103.27,75.05,54.86,26.55,81.66,6.26,100.84,Banana
112.79,87.28,54.32,26.91,76.79,5.87,106.57,Banana
105.44,80.04,45.23,28.09,84.93,6.12,109.57,Banana
109.29,84.98,52.33,27.99,79.22,5.8,103.13,Banana
107.36,80.52,50.79,28.05,82.08,6.32,105.59,Banana
95.19,80.34,50.11,25.21,83.47,6.04,107.86,Banana
115.24,78.56,51.44,27.36,79.54,5.81,117.49,Banana
102.18,86.87,45.31,28.97,82.63,6.02,103.3,Banana
108.0,96.8,45.59,28.48,77.72,6.0,103.14,Banana
101.79,82.43,47.16,28.79,75.51,6.13,102.55,Banana
96.22,83.76,46.11,27.55,76.44,6.12,98.07,Banana
101.62,84.34,48.07,27.43,76.22,6.16,118.24,Banana
125.94,83.07,51.97,25.27,83.76,6.19,101.37,Banana
114.28,80.91,48.85,28.09,77.34,6.26,97.08,Banana
97.12,76.81,51.9,26.73,76.63,5.85,104.76,Banana
96.14,75.3,55.28,26.42,79.19,5.91,101.84,Banana
109.66,88.43,49.24,25.95,83.19,5.98,117.98,Banana
88.16,83.72,54.8,27.06,79.44,6.07,100.81,Banana
102.66,80.39,48.43,29.04,81.15,6.06,111.06,Banana
103.02,77.66,48.49,27.5,77.35,5.87,101.13,Banana
120.93,65.16,49.55,29.66,80.3,6.19,105.75,Banana
99.99,68.49,50.51,26.53,78.0,5.88,118.09,Banana
123.04,83.86,48.84,26.03,81.17,6.45,103.14,Banana
87.16,86.69,52.46,25.52,80.44,6.11,104.45,Banana
99.07,88.85,48.99,25.64,74.88,6.32,109.62,Banana
105.66,79.75,48.68,26.16,78.92,5.47,99.48,Banana
102.67,86.31,49.9,28.49,83.37,6.26,108.53,Banana
105.09,76.37,51.85,29.6,80.86,6.48,93.56,Banana
96.34,87.85,50.66,29.14,79.96,5.78,103.4,Banana
93.5,75.45,52.43,28.59,80.91,5.57,102.31,Banana
95.81,89.85,48.54,26.14,80.07,5.84,116.13,Banana
99.49,73.75,44.62,27.46,78.6,5.64,113.92,Banana
110.0,82.32,53.41,28.33,77.94,5.74,111.13,Banana
107.97,83.56,47.88,28.26,78.11,5.97,115.85,Banana
100.04,72.67,47.37,28.74,80.64,5.97,101.18,Banana
108.64,77.19,50.76,26.59,77.76,5.84,102.18,Banana
104.63,83.97,40.78,26.49,79.02,6.38,96.9,Banana
106.22,91.84,46.72,27.99,77.99,5.87,98.98,Banana
99.51,99.51,52.11,28.88,81.23,5.6,107.96,Banana
113.05,77.17,52.41,28.38,84.63,5.9,96.77,Banana
102.29,91.47,45.43,24.91,80.22,5.89,105.06,Banana
112.09,79.05,45.32,30.06,77.51,5.74,113.28,Banana
102.12,82.1,51.21,28.85,79.17,6.38,88.98,Banana
110.7,77.25,53.43,27.68,78.32,6.17,111.7,Banana
109.81,76.06,48.79,27.49,79.9,6.19,89.89,Banana
107.51,80.69,47.9,26.57,79.46,5.1,99.74,Banana
98.43,85.83,47.99,27.23,83.86,6.25,111.77,Banana
101.25,85.89,49.42,27.25,81.02,5.85,116.2,Banana
103.8,86.36,53.64,28.79,76.48,6.11,111.38,Banana
33.07,20.54,28.36,33.74,50.17,5.56,98.94,Mango
27.2,22.96,27.81,32.25,49.17,5.6,95.83,Mango
35.62,31.67,28.21,34.15,50.98,4.98,94.57,Mango
36.49,28.53,30.03,35.18,49.0,4.95,90.96,Mango
29.83,28.54,33.86,32.05,50.79,5.75,95.29,Mango
17.05,44.44,31.3,31.97,52.58,6.19,94.65,Mango
23.55,31.25,30.96,29.68,53.98,5.93,96.82,Mango
36.2,27.64,30.79,33.32,50.23,5.78,95.31,Mango
21.52,41.99,26.48,28.58,53.8,6.2,92.44,Mango
31.3,36.67,29.92,37.35,48.48,6.18,97.92,Mango
33.07,26.22,29.27,32.5,52.93,6.13,97.6,Mango
21.13,26.08,27.65,30.63,53.28,5.82,101.52,Mango
28.71,27.87,30.27,30.06,51.4,6.45,95.28,Mango
22.54,21.72,28.87,31.67,53.59,4.91,94.2,Mango
28.4,16.04,27.92,29.97,50.11,5.87,94.6,Mango
24.03,30.17,34.31,35.19,48.14,6.11,94.55,Mango
28.47,25.01,30.29,31.84,50.49,5.19,93.88,Mango
28.96,31.24,32.13,30.39,52.0,6.35,97.91,Mango
27.13,26.12,30.48,28.91,51.16,6.22,96.6,Mango
25.81,28.86,27.94,33.08,51.36,5.58,94.1,Mango
27.11,24.7,31.65,30.61,54.29,6.67,92.77,Mango
27.94,23.43,29.18,36.01,50.96,5.98,96.35,Mango
21.25,22.16,26.98,29.51,46.51,6.09,100.14,Mango
28.42,18.65,28.39,30.47,49.72,6.29,97.03,Mango
20.28,32.03,33.82,35.78,56.51,5.19,102.06,Mango
25.29,23.8,30.82,30.19,52.2,4.92,94.4,Mango
35.53,27.14,30.35,32.57,53.55,4.72,96.46,Mango
25.82,28.54,32.65,28.81,49.73,4.54,93.63,Mango
35.82,26.75,26.65,30.41,48.9,5.05,95.97,Mango
20.16,34.45,29.82,31.69,51.01,6.23,96.96,Mango
29.59,31.03,29.47,32.72,50.91,5.75,94.31,Mango
24.64,23.19,31.17,34.45,53.55,4.96,98.22,Mango
25.51,31.25,27.73,31.82,52.05,4.82,96.52,Mango
35.91,26.41,33.4,31.07,52.99,4.36,101.05,Mango
36.85,25.72,25.07,32.15,48.97,6.03,96.03,Mango
21.62,34.51,32.01,33.7,51.52,4.87,97.44,Mango
25.81,18.81,33.38,36.22,51.43,7.1,95.23,Mango
25.12,23.56,34.09,29.74,52.79,5.4,93.85,Mango
33.94,25.12,28.99,34.05,54.3,6.15,93.36,Mango
24.31,28.0,30.8,29.28,52.77,5.8,90.71,Mango
21.69,24.35,29.82,35.75,51.92,5.22,95.55,Mango
25.3,29.53,31.45,34.22,51.46,6.77,97.27,Mango
23.08,41.31,30.82,29.62,54.39,7.05,94.92,Mango
24.35,26.42,31.79,34.38,52.5,5.81,98.75,Mango
25.54,33.94,29.28,32.47,51.3,5.72,94.06,Mango
35.91,22.92,28.15,36.27,53.21,4.26,93.59,Mango
16.18,21.56,22.15,31.19,49.5,5.79,90.94,Mango
28.02,24.91,33.75,34.68,52.87,5.55,99.96,Mango
17.79,18.73,29.79,36.57,51.15,5.64,91.4,Mango
33.41,33.46,31.97,30.08,50.26,4.94,95.21,Mango
20.75,20.14,28.94,30.4,50.56,6.04,95.2,Mango
25.7,28.64,27.52,31.74,51.76,4.81,97.49,Mango
21.99,28.06,32.91,33.58,51.56,5.52,97.37,Mango
31.72,23.64,28.01,26.84,51.77,5.7,97.84,Mango
29.74,35.84,28.26,34.06,50.57,6.24,91.35,Mango
28.97,15.1,29.33,32.49,50.59,5.09,97.12,Mango
26.85,24.44,30.1,37.43,53.52,6.48,96.09,Mango
28.54,12.52,28.3,30.42,48.22,5.03,90.05,Mango
27.26,32.62,32.77,32.43,49.81,4.54,90.61,Mango
19.57,21.94,29.6,29.22,52.09,5.6,95.03,Mango
34.63,20.12,31.05,31.47,50.92,6.3,97.2,Mango
21.58,26.36,30.7,30.89,52.52,5.93,99.58,Mango
17.94,26.73,27.73,32.86,48.67,5.97,93.42,Mango
22.91,18.46,28.84,33.94,51.46,6.14,99.16,Mango
29.15,24.01,31.17,30.28,50.62,4.8,97.32,Mango
25.09,28.64,27.41,32.48,50.17,5.66,97.19,Mango
32.44,27.36,25.58,38.23,54.56,6.2,93.12,Mango
26.79,24.1,33.16,32.09,50.13,5.46,97.8,Mango
37.5,37.05,31.89,30.93,45.83,5.94,95.0,Mango
28.37,27.84,26.68,32.75,52.61,6.18,97.37,Mango
31.28,24.94,29.82,31.71,51.69,6.37,96.61,Mango
40.48,41.29,30.2,22.87,53.66,5.41,93.0,Mango
25.01,24.71,31.53,27.99,49.61,5.96,96.56,Mango
31.51,22.58,27.55,30.36,51.92,6.68,89.88,Mango
26.12,19.17,25.87,33.68,52.45,6.03,97.3,Mango
24.5,24.8,35.46,30.95,52.79,5.75,90.38,Mango
14.72,23.88,32.64,33.27,53.1,5.13,99.04,Mango
21.47,28.83,29.97,31.11,53.84,5.31,91.63,Mango
27.62,25.0,38.44,33.02,50.78,5.09,90.3,Mango
21.09,28.22,33.57,34.02,51.9,5.55,95.67,Mango
24.26,38.24,29.53,31.31,47.62,5.63,97.09,Mango
20.83,22.81,31.98,28.18,53.35,5.42,94.03,Mango
20.48,29.86,36.15,33.26,49.99,6.46,94.21,Mango
36.09,32.54,22.64,29.24,53.15,5.84,92.44,Mango
23.54,15.59,29.78,36.47,52.91,7.12,97.21,Mango
33.92,39.84,30.94,31.08,53.31,6.66,93.8,Mango
22.99,28.37,32.08,33.3,49.01,6.94,93.4,Mango
25.84,21.86,36.75,32.04,50.01,6.29,96.92,Mango
26.33,32.75,27.94,30.39,47.98,4.92,99.52,Mango
37.76,27.91,34.16,31.14,51.07,5.79,94.69,Mango
26.16,34.65,30.38,33.1,53.3,5.99,92.57,Mango
19.04,28.43,29.57,31.7,51.47,7.36,91.67,Mango
15.06,29.58,29.06,32.21,52.52,6.55,91.23,Mango
24.02,30.18,31.93,36.44,53.17,5.71,92.77,Mango
23.97,23.8,31.64,32.08,49.18,5.48,97.19,Mango
29.7,31.05,30.96,35.16,51.91,5.51,92.71,Mango
29.06,12.25,29.54,31.04,49.11,5.17,97.02,Mango
28.94,28.14,30.77,31.71,53.68,5.83,91.35,Mango
37.69,29.81,28.53,28.68,52.19,5.68,98.94,Mango
25.34,22.27,32.24,33.58,51.8,6.17,94.91,Mango
26.75,139.78,201.56,23.56,84.19,5.41,75.13,Grapes
12.21,128.58,199.9,23.75,83.76,5.74,70.65,Grapes
20.66,134.34,199.84,25.79,81.81,5.87,70.72,Grapes
32.08,128.76,197.83,30.21,82.46,6.21,67.74,Grapes
11.65,129.17,198.08,24.33,81.7,6.19,69.28,Grapes
26.13,133.49,200.49,24.79,83.14,5.8,73.5,Grapes
23.23,124.3,200.47,17.76,83.33,6.55,68.03,Grapes
27.49,121.53,201.13,17.47,81.72,5.72,71.83,Grapes
32.55,132.65,197.84,38.51,81.56,5.46,71.15,Grapes
16.71,138.68,199.05,30.13,84.25,5.7,68.59,Grapes
24.43,142.11,198.35,19.95,83.1,5.86,70.38,Grapes
13.36,145.0,196.63,22.27,82.46,6.48,66.69,Grapes
39.88,137.23,201.04,16.63,83.21,5.82,73.17,Grapes
17.72,131.79,198.61,16.61,83.43,6.13,73.02,Grapes
11.65,139.15,205.0,21.16,84.87,5.93,66.57,Grapes
22.71,139.05,197.9,19.9,83.24,6.0,71.46,Grapes
26.78,135.5,198.92,26.97,81.34,6.32,68.41,Grapes
33.47,131.04,200.5,20.79,81.23,5.56,67.36,Grapes
22.57,133.82,202.53,21.21,81.4,5.64,71.2,Grapes
35.37,140.41,201.77,30.43,84.62,6.08,71.62,Grapes
22.59,123.99,198.29,24.92,82.58,6.48,70.2,Grapes
33.84,129.78,199.22,13.7,81.57,6.13,70.02,Grapes
32.07,133.63,199.12,43.26,82.38,6.29,69.0,Grapes
30.32,138.3,200.52,8.0,82.52,6.31,71.32,Grapes
28.34,121.74,198.2,28.5,83.01,6.3,69.64,Grapes
28.04,132.6,197.53,8.0,83.04,6.04,68.45,Grapes
12.86,136.44,199.34,29.73,84.83,5.46,68.25,Grapes
23.43,141.59,195.91,41.45,82.67,5.98,69.5,Grapes
21.73,139.05,197.33,27.94,82.02,5.81,76.46,Grapes
28.14,136.33,202.84,12.92,84.69,5.37,68.08,Grapes
21.56,136.14,200.55,23.58,82.49,5.76,66.26,Grapes
30.45,136.84,203.96,18.28,83.37,5.93,72.98,Grapes
32.66,133.82,199.15,33.17,83.31,5.83,66.68,Grapes
22.84,141.97,202.87,15.55,81.04,6.32,67.16,Grapes
28.82,128.65,204.04,18.45,83.93,6.05,70.63,Grapes
10.22,118.73,199.45,27.1,81.09,5.73,71.4,Grapes
29.22,131.64,201.95,15.02,82.06,6.41,70.17,Grapes
25.95,145.0,196.5,31.77,84.58,5.92,72.15,Grapes
17.63,128.21,200.96,31.79,83.9,6.39,69.83,Grapes
33.95,130.36,202.26,26.76,83.06,6.11,65.99,Grapes
16.57,133.14,195.78,32.07,83.59,6.08,67.2,Grapes
35.35,145.0,200.37,29.34,82.75,6.13,69.7,Grapes
24.74,138.16,205.0,13.1,82.37,5.7,73.98,Grapes
20.59,123.48,201.6,39.83,83.33,6.05,71.02,Grapes
35.61,127.04,199.72,21.15,81.04,5.92,72.77,Grapes
29.25,136.53,200.37,29.45,81.5,5.92,70.48,Grapes
27.08,134.5,199.65,21.79,86.45,6.23,71.03,Grapes
23.25,129.68,199.67,27.49,80.15,5.61,68.41,Grapes
26.55,131.0,203.7,12.4,81.56,6.38,70.33,Grapes
31.64,145.0,198.27,24.16,82.16,5.51,69.22,Grapes
31.61,135.88,201.55,21.81,81.68,6.32,68.76,Grapes
27.21,133.52,203.65,33.26,80.88,5.7,71.45,Grapes
24.52,129.66,202.54,26.59,82.57,6.19,69.06,Grapes
36.76,127.57,201.64,37.19,80.78,5.91,72.86,Grapes
33.68,131.43,198.16,33.13,83.98,5.71,66.99,Grapes
26.69,136.43,199.25,30.77,81.61,5.47,68.94,Grapes
25.47,130.78,197.1,9.57,81.86,6.22,73.14,Grapes
33.91,127.4,197.12,29.22,83.29,6.1,64.96,Grapes
18.5,132.31,201.22,31.52,82.68,6.08,70.21,Grapes
30.14,134.46,200.16,22.72,82.6,6.12,70.67,Grapes
27.86,140.89,200.66,19.48,83.6,5.66,67.3,Grapes
27.52,135.73,196.89,21.75,81.74,5.88,72.36,Grapes
30.3,132.38,198.64,13.53,84.28,6.15,68.23,Grapes
30.4,132.06,199.28,28.7,81.57,5.91,70.3,Grapes
21.25,136.68,204.67,18.59,80.42,5.5,69.62,Grapes
20.03,133.8,200.33,11.37,80.23,6.07,70.34,Grapes
21.81,122.14,201.18,35.81,82.85,5.79,70.11,Grapes
14.75,139.11,200.2,9.97,82.12,6.12,69.17,Grapes
22.93,124.85,201.42,19.49,79.8,5.91,72.45,Grapes
22.1,143.36,201.07,27.88,82.34,5.98,69.34,Grapes
22.73,135.82,197.66,15.85,81.1,6.51,71.33,Grapes
27.28,125.89,201.56,24.01,82.77,5.76,70.4,Grapes
21.82,127.71,201.84,11.93,83.21,6.17,67.8,Grapes
18.85,131.11,200.71,23.7,83.04,6.44,68.73,Grapes
12.14,137.66,204.21,28.34,81.14,5.97,67.2,Grapes
29.82,124.05,199.25,16.46,82.66,5.91,70.44,Grapes
25.17,126.33,201.57,24.59,81.26,6.56,71.19,Grapes
23.85,141.35,204.6,23.76,82.93,5.75,69.63,Grapes
23.51,133.66,200.83,29.76,82.8,5.7,67.65,Grapes
20.9,130.74,202.63,15.12,82.05,6.24,69.25,Grapes
28.45,131.63,200.64,23.06,83.33,5.61,69.09,Grapes
27.22,135.84,203.73,21.68,84.35,5.84,73.32,Grapes
31.13,126.79,200.77,24.56,83.28,5.94,69.23,Grapes
35.27,131.88,202.07,23.08,84.58,5.83,68.46,Grapes
36.43,129.72,204.0,32.58,82.31,5.55,69.95,Grapes
25.76,139.8,203.97,19.18,83.5,6.19,72.68,Grapes
28.74,120.36,199.61,15.18,82.25,6.25,70.76,Grapes
33.61,134.64,196.75,8.0,82.69,5.95,67.56,Grapes
12.25,127.91,199.51,30.66,82.74,6.4,67.41,Grapes
31.61,132.8,201.74,21.29,83.84,6.07,68.3,Grapes
24.91,131.0,201.22,14.97,82.46,6.1,70.08,Grapes
35.1,137.34,199.98,26.84,82.87,6.1,65.44,Grapes
22.74,123.22,203.2,24.48,82.26,6.22,71.06,Grapes
16.54,132.06,199.16,10.17,81.64,5.95,69.71,Grapes
13.88,139.7,199.74,25.32,83.0,5.8,71.14,Grapes
22.25,126.9,201.43,37.68,83.41,6.23,68.7,Grapes
13.02,141.81,205.0,38.11,82.08,5.71,67.34,Grapes
12.37,131.83,204.01,23.8,82.88,6.34,68.99,Grapes
40.27,144.95,199.67,20.09,83.37,5.91,67.11,Grapes
34.61,140.1,200.39,14.27,80.96,6.03,68.75,Grapes
96.59,23.89,51.83,26.53,82.52,6.41,53.79,Watermelon
104.48,27.08,51.05,26.89,86.35,6.77,48.38,Watermelon
100.14,23.19,54.03,26.05,84.79,6.84,39.04,Watermelon
85.78,21.76,50.04,25.95,85.16,6.64,45.93,Watermelon
105.7,23.72,53.05,27.01,85.61,6.57,42.38,Watermelon
94.69,16.29,52.63,25.04,86.99,6.5,49.11,Watermelon
102.49,15.06,48.93,24.22,84.38,6.38,47.42,Watermelon
104.17,21.62,50.58,26.25,86.44,6.43,47.69,Watermelon
103.13,21.09,53.49,26.39,83.65,6.47,53.36,Watermelon
110.68,23.37,49.84,24.56,82.5,6.57,51.71,Watermelon
89.01,17.78,51.58,24.64,87.76,6.41,56.29,Watermelon
94.67,11.08,48.85,25.43,84.03,6.45,51.67,Watermelon
98.29,17.09,45.73,25.79,84.78,6.9,45.3,Watermelon
81.92,21.36,50.87,24.74,81.18,6.88,57.07,Watermelon
75.13,14.64,54.16,25.14,83.77,6.43,44.4,Watermelon
82.95,24.08,45.39,25.69,87.22,6.14,45.38,Watermelon
112.13,20.83,48.46,26.4,88.02,6.57,45.5,Watermelon
95.87,19.29,49.53,26.2,81.18,6.13,50.9,Watermelon
95.08,13.58,45.58,25.51,84.87,6.66,50.34,Watermelon
98.67,24.86,46.72,25.9,80.82,6.29,43.94,Watermelon
107.82,17.09,49.97,24.67,84.25,6.31,51.92,Watermelon
90.09,25.81,45.81,24.9,89.19,6.39,43.43,Watermelon
102.19,14.53,47.91,24.68,91.92,6.44,40.37,Watermelon
114.94,21.32,48.08,24.8,86.68,6.44,40.37,Watermelon
117.87,14.79,53.74,26.46,82.5,6.76,46.74,Watermelon
81.33,14.85,50.99,25.15,84.23,6.79,50.53,Watermelon
91.57,21.89,50.49,23.61,86.07,6.6,50.1,Watermelon
108.92,13.3,50.84,24.32,86.02,6.99,45.03,Watermelon
92.4,13.06,50.32,24.7,86.05,6.71,52.67,Watermelon
82.32,23.72,52.34,26.12,85.93,6.56,55.16,Watermelon
119.24,11.54,52.7,25.44,84.68,6.12,48.58,Watermelon
90.03,14.6,47.25,25.16,83.98,6.52,41.93,Watermelon
85.54,19.76,48.01,26.31,85.56,6.65,57.05,Watermelon
96.9,13.91,52.18,25.88,84.53,6.85,48.94,Watermelon
100.33,17.63,47.66,25.56,88.49,6.61,50.16,Watermelon
98.38,19.57,51.87,25.96,84.17,6.58,52.4,Watermelon
89.93,18.55,44.6,25.86,86.65,6.69,48.02,Watermelon
103.09,26.4,53.53,25.48,85.35,6.78,42.5,Watermelon
96.77,25.85,52.44,25.78,81.24,6.49,47.05,Watermelon
103.31,12.44,47.44,23.95,88.05,6.4,50.79,Watermelon
99.98,10.83,46.85,24.75,83.19,6.59,46.02,Watermelon
117.46,23.92,52.02,25.41,88.79,6.45,49.84,Watermelon
101.7,21.89,51.59,25.14,83.67,6.66,53.58,Watermelon
96.07,7.58,49.48,25.97,89.51,6.2,47.87,Watermelon
96.11,25.97,49.91,24.82,86.4,6.4,43.88,Watermelon
91.07,28.34,50.96,25.58,84.38,6.57,51.4,Watermelon
102.92,18.22,52.17,25.52,82.56,6.35,40.1,Watermelon
120.27,22.89,47.92,25.29,83.41,6.89,42.9,Watermelon
101.14,16.82,52.07,25.42,80.6,6.44,45.14,Watermelon
100.8,26.46,45.65,24.9,83.62,6.4,53.7,Watermelon
98.26,20.1,48.44,25.67,86.94,6.32,53.91,Watermelon
100.52,24.03,49.5,25.79,84.9,6.48,51.29,Watermelon
105.37,9.69,53.58,24.11,83.29,6.48,52.06,Watermelon
115.76,5.89,48.73,23.9,85.08,6.57,57.95,Watermelon
101.21,24.03,51.46,25.17,81.48,6.57,42.54,Watermelon
112.95,16.49,52.99,25.14,85.67,6.55,49.77,Watermelon
95.67,19.95,47.68,24.59,88.11,6.68,50.33,Watermelon
116.65,15.83,53.31,25.63,82.44,6.96,54.95,Watermelon
98.79,22.04,48.99,26.12,79.02,6.25,54.9,Watermelon
97.5,18.8,46.63,26.89,87.98,6.45,47.98,Watermelon
110.3,29.89,52.38,27.13,82.69,6.3,44.06,Watermelon
104.42,18.6,49.62,26.11,88.08,6.12,47.02,Watermelon
108.2,14.58,48.0,26.26,81.78,6.42,51.64,Watermelon
94.26,22.39,48.58,26.56,84.69,6.67,53.73,Watermelon
93.72,5.0,50.9,25.55,86.39,6.44,47.85,Watermelon
120.08,8.3,51.83,25.07,84.16,6.42,45.98,Watermelon
105.71,26.19,51.18,25.58,82.53,6.63,60.78,Watermelon
96.19,15.15,48.6,25.13,78.14,6.6,45.77,Watermelon
83.9,22.21,47.29,25.25,88.67,6.15,42.34,Watermelon
102.69,24.68,46.06,25.81,86.45,5.99,53.99,Watermelon
108.77,15.55,53.13,26.35,85.26,6.39,45.14,Watermelon
99.62,21.06,49.19,23.85,88.17,6.55,48.1,Watermelon
108.57,27.03,43.0,25.83,81.43,6.62,50.64,Watermelon
106.36,14.38,45.32,25.16,86.02,6.75,44.14,Watermelon
110.27,13.45,50.91,25.12,85.46,6.72,43.86,Watermelon
93.2,18.66,56.0,24.85,90.1,7.0,49.51,Watermelon
97.02,13.17,49.83,24.44,84.81,6.87,46.94,Watermelon
97.59,6.87,50.94,25.7,85.16,6.45,48.54,Watermelon
105.02,17.32,50.79,25.66,87.81,6.67,50.96,Watermelon
115.18,20.13,53.26,25.96,80.4,6.83,50.68,Watermelon
99.48,19.26,49.14,25.67,83.52,6.82,49.43,Watermelon
96.17,11.72,50.67,25.64,85.97,6.24,41.99,Watermelon
106.26,26.78,47.43,26.69,85.71,6.5,48.01,Watermelon
86.15,23.67,48.06,24.92,87.48,6.03,42.38,Watermelon
99.82,19.33,51.21,25.27,91.33,6.44,48.85,Watermelon
92.03,18.27,51.54,26.4,81.28,6.44,52.23,Watermelon
105.87,17.54,51.36,24.89,88.89,6.75,43.28,Watermelon
89.25,10.96,51.69,24.54,84.17,6.61,49.67,Watermelon
102.59,10.84,51.49,25.04,84.19,6.56,50.52,Watermelon
100.24,12.81,49.25,25.5,81.56,6.38,51.94,Watermelon
87.23,24.73,53.17,24.57,88.39,6.46,52.09,Watermelon
95.03,23.27,51.02,24.89,82.09,6.13,50.94,Watermelon
105.72,21.57,49.71,24.63,83.29,6.79,47.58,Watermelon
101.43,10.78,50.84,25.16,87.62,6.69,47.52,Watermelon
98.73,14.06,46.45,24.86,85.5,6.58,50.74,Watermelon
96.98,23.33,50.16,26.03,80.57,5.52,51.42,Watermelon
85.75,16.17,49.24,26.69,86.0,6.54,54.18,Watermelon
103.68,14.64,52.68,24.67,85.81,6.11,51.02,Watermelon
101.93,27.98,46.09,25.05,87.06,6.58,50.9,Watermelon
90.44,13.81,53.11,25.46,85.94,6.47,44.08,Watermelon
109.34,20.65,55.76,27.49,93.53,6.14,25.39,Muskmelon
109.77,5.0,49.49,27.72,91.62,6.48,27.8,Muskmelon
98.67,18.78,50.29,28.0,91.14,6.62,25.74,Muskmelon
103.95,12.46,48.85,27.91,90.58,6.06,23.5,Muskmelon
105.23,13.42,47.45,27.59,91.93,6.33,30.41,Muskmelon
110.55,23.9,52.92,27.5,90.97,6.18,28.34,Muskmelon
94.53,9.68,48.92,27.88,92.84,6.45,22.93,Muskmelon
106.86,13.51,49.61,28.34,91.7,6.29,26.48,Muskmelon
91.42,15.1,51.39,29.03,93.26,6.49,26.33,Muskmelon
89.27,18.22,49.93,28.16,92.65,6.48,24.22,Muskmelon
100.59,9.83,49.2,28.7,92.9,6.4,29.74,Muskmelon
86.39,10.57,54.28,28.02,92.2,6.16,26.12,Muskmelon
105.44,10.66,49.65,27.83,92.82,6.18,28.13,Muskmelon
109.16,15.23,49.46,27.93,91.53,6.31,24.32,Muskmelon
116.13,23.42,52.34,28.18,91.1,6.39,27.43,Muskmelon
87.42,21.48,55.81,28.53,94.27,6.44,27.42,Muskmelon
92.82,22.47,51.64,28.14,94.15,6.29,24.53,Muskmelon
100.95,11.06,50.57,27.14,93.81,6.41,23.7,Muskmelon
91.66,16.03,51.72,28.27,91.62,6.23,26.64,Muskmelon
92.78,17.87,50.31,28.16,93.57,6.15,20.22,Muskmelon
94.33,28.76,55.06,28.92,92.26,6.04,20.0,Muskmelon
93.86,16.26,53.25,28.43,92.78,6.22,22.6,Muskmelon
102.54,21.86,50.98,27.48,93.31,6.49,22.32,Muskmelon
92.16,21.8,49.41,28.79,93.13,6.3,24.97,Muskmelon
100.63,12.95,47.72,28.35,93.56,6.52,28.79,Muskmelon
94.58,27.96,47.75,27.49,90.3,6.31,23.74,Muskmelon
105.26,19.02,47.02,27.8,92.04,6.04,22.55,Muskmelon
92.29,26.46,50.48,28.33,90.63,6.64,28.25,Muskmelon
80.02,13.09,51.24,28.32,91.65,6.34,23.51,Muskmelon
101.1,24.98,48.07,28.5,91.52,6.23,27.05,Muskmelon
109.22,22.82,46.71,27.77,93.53,6.41,22.32,Muskmelon
104.58,13.03,54.49,28.77,93.26,6.67,25.16,Muskmelon
107.65,26.74,50.61,27.87,90.37,6.38,27.06,Muskmelon
109.46,20.65,48.65,27.01,91.88,6.34,24.22,Muskmelon
106.19,29.91,50.31,27.89,92.18,6.42,22.93,Muskmelon
101.2,20.32,50.52,28.23,93.04,6.05,26.59,Muskmelon
93.29,10.65,47.24,28.22,92.22,6.06,26.2,Muskmelon
85.6,18.37,50.6,28.44,94.73,6.13,24.87,Muskmelon
97.24,20.21,50.54,27.82,91.95,6.18,27.47,Muskmelon
104.59,23.24,49.22,27.67,91.15,6.47,22.4,Muskmelon
118.49,9.33,50.68,28.78,93.25,6.44,22.58,Muskmelon
86.18,22.31,53.77,27.78,91.08,5.91,22.55,Muskmelon
98.86,27.49,51.68,28.15,92.0,6.28,28.51,Muskmelon
102.01,5.0,48.32,27.57,91.82,6.51,24.73,Muskmelon
99.23,25.71,48.26,28.93,91.66,6.42,24.3,Muskmelon
101.23,20.28,51.08,27.62,91.1,6.9,23.79,Muskmelon
106.99,7.45,49.3,27.94,93.09,5.86,25.42,Muskmelon
88.5,19.53,47.41,27.57,92.16,6.19,23.81,Muskmelon
88.07,6.04,52.54,27.35,92.28,6.55,23.46,Muskmelon
91.75,18.91,52.79,27.42,92.31,6.05,24.02,Muskmelon
100.34,12.16,48.86,27.3,92.6,6.61,22.26,Muskmelon
93.77,20.64,53.03,27.25,92.29,6.46,24.74,Muskmelon
75.23,20.63,53.8,28.06,91.21,6.3,29.42,Muskmelon
109.1,21.5,50.89,27.67,92.25,6.38,26.37,Muskmelon
115.09,24.49,46.45,28.11,93.42,6.52,23.43,Muskmelon
129.14,9.52,47.29,28.12,95.15,6.23,24.34,Muskmelon
110.77,17.39,49.16,28.28,92.84,6.61,28.23,Muskmelon
103.07,19.32,50.54,28.24,92.57,6.4,27.99,Muskmelon
115.16,8.08,50.03,27.66,92.11,6.48,26.67,Muskmelon
98.88,5.54,47.59,28.45,89.07,6.64,26.3,Muskmelon
113.16,16.26,44.85,28.22,94.09,6.58,23.34,Muskmelon
100.87,14.17,47.95,28.48,91.0,6.22,22.24,Muskmelon
85.1,18.42,52.9,27.91,90.62,6.57,29.21,Muskmelon
93.54,14.51,51.29,28.81,91.85,6.13,26.58,Muskmelon
107.99,17.54,48.6,28.5,93.16,6.25,25.12,Muskmelon
86.48,21.79,49.34,27.78,92.46,6.41,27.24,Muskmelon
105.91,16.52,51.91,28.2,91.97,6.38,24.63,Muskmelon
105.05,15.21,49.02,28.98,93.67,6.25,26.43,Muskmelon
101.18,19.95,50.34,28.59,92.93,6.39,27.61,Muskmelon
102.33,18.26,50.79,27.95,92.51,6.28,23.12,Muskmelon
90.01,8.8,47.8,27.91,92.63,6.35,20.0,Muskmelon
115.75,24.29,51.11,28.95,91.28,6.78,22.59,Muskmelon
102.39,9.54,50.04,28.19,92.31,6.54,25.25,Muskmelon
94.78,13.96,52.03,27.67,93.64,6.64,20.83,Muskmelon
111.33,30.38,50.63,28.3,93.8,6.34,25.46,Muskmelon
86.86,18.37,51.25,28.26,93.83,6.25,23.67,Muskmelon
118.96,16.56,50.5,27.97,91.47,6.72,23.68,Muskmelon
88.73,14.68,45.0,27.67,91.29,6.52,23.32,Muskmelon
108.88,26.24,51.95,27.89,92.68,6.1,24.67,Muskmelon
91.4,21.84,56.43,28.25,90.01,6.33,25.31,Muskmelon
100.87,12.93,50.61,27.38,91.32,6.53,22.46,Muskmelon
105.38,8.94,54.41,27.61,92.22,6.47,23.59,Muskmelon
101.43,21.1,52.4,28.4,92.29,6.37,30.87,Muskmelon
109.5,11.74,50.25,27.83,92.33,6.15,23.97,Muskmelon
118.12,21.12,43.77,28.61,93.86,6.33,26.79,Muskmelon
91.41,14.56,53.75,27.86,90.16,6.39,24.8,Muskmelon
111.98,17.59,48.95,28.52,92.65,6.25,27.89,Muskmelon
101.94,17.52,50.44,27.46,91.84,6.4,24.51,Muskmelon
112.72,18.86,52.14,28.0,93.82,6.48,25.03,Muskmelon
99.87,11.53,51.27,27.98,91.87,6.62,21.87,Muskmelon
95.78,23.92,50.79,27.98,92.81,6.44,21.21,Muskmelon
96.51,27.6,48.35,27.84,91.82,6.38,23.54,Muskmelon
104.87,18.73,51.93,27.47,92.07,6.35,26.14,Muskmelon
92.07,23.22,52.97,27.51,91.89,6.29,31.58,Muskmelon
95.7,27.99,46.83,27.51,91.64,6.23,24.33,Muskmelon
92.91,12.38,52.9,28.61,93.69,6.5,25.23,Muskmelon
95.03,11.54,50.91,27.41,91.26,6.63,29.75,Muskmelon
103.93,24.42,49.39,27.33,93.27,6.51,25.18,Muskmelon
97.58,23.51,47.54,27.61,91.24,6.42,22.28,Muskmelon
93.16,13.09,49.35,27.26,92.61,6.65,25.34,Muskmelon
37.13,140.84,201.94,22.56,92.53,6.19,108.04,Apple
15.73,135.58,197.17,21.78,92.5,5.98,102.94,Apple
28.53,138.54,197.18,23.45,90.55,6.53,107.94,Apple
28.41,120.67,199.84,22.67,92.39,5.86,105.27,Apple
34.57,132.69,203.85,22.11,91.96,6.2,101.89,Apple
19.92,139.36,197.07,21.14,94.84,5.65,110.92,Apple
27.93,114.93,199.33,22.84,92.94,6.23,108.06,Apple
31.95,128.19,196.47,21.53,90.67,6.25,102.43,Apple
29.21,130.84,199.74,23.52,91.95,6.15,110.19,Apple
26.55,145.0,196.4,23.47,93.32,5.88,118.15,Apple
15.95,129.24,196.98,22.81,91.11,6.11,109.07,Apple
24.5,134.93,199.33,21.68,96.0,5.88,98.91,Apple
22.24,124.58,202.07,22.74,93.0,5.91,108.6,Apple
25.18,131.99,202.09,22.75,93.13,6.12,114.42,Apple
29.3,134.74,202.97,22.0,91.43,5.7,110.91,Apple
15.91,135.39,199.73,23.35,91.66,5.95,115.61,Apple
36.14,128.25,200.45,22.72,92.97,5.93,116.41,Apple
15.69,129.87,201.12,22.84,94.19,6.3,108.57,Apple
35.62,128.04,202.33,23.86,94.02,6.03,108.34,Apple
17.95,134.44,197.21,21.91,91.01,5.88,109.86,Apple
29.21,128.75,202.67,22.34,91.52,6.06,119.82,Apple
29.59,130.23,196.18,22.34,92.79,5.9,101.67,Apple
22.18,141.59,203.59,21.84,93.34,5.71,117.02,Apple
29.03,138.44,195.71,23.01,92.49,6.21,114.57,Apple
27.91,128.74,201.95,22.45,91.41,5.77,102.61,Apple
24.31,139.39,200.44,22.1,93.51,5.79,110.48,Apple
26.38,137.37,196.06,21.86,90.45,5.94,116.06,Apple
24.34,129.31,202.18,23.3,92.39,6.17,104.62,Apple
36.11,145.0,201.3,20.94,91.8,6.15,107.89,Apple
35.45,136.18,198.23,22.52,91.38,5.95,107.23,Apple
34.84,145.0,196.42,21.06,92.19,5.62,110.23,Apple
32.18,141.84,200.5,22.36,90.03,6.01,110.36,Apple
31.49,128.07,198.91,21.39,89.64,5.72,102.15,Apple
29.6,129.26,198.65,21.76,88.46,6.38,105.0,Apple
24.92,123.41,202.43,22.61,91.47,5.9,118.39,Apple
27.04,131.36,197.65,21.08,92.3,6.08,115.5,Apple
13.45,125.47,198.55,22.5,92.32,5.97,112.04,Apple
21.85,138.34,201.08,22.26,94.5,6.39,114.66,Apple
8.63,142.37,201.99,24.0,94.05,6.39,114.39,Apple
35.93,144.96,200.54,21.32,92.12,6.1,110.37,Apple
19.71,122.31,198.15,23.11,94.48,6.23,115.29,Apple
26.99,121.61,198.86,22.31,91.88,6.01,112.21,Apple
32.83,130.76,195.24,22.14,92.55,6.31,107.16,Apple
30.7,134.31,200.11,23.2,91.67,5.86,109.94,Apple
23.5,135.68,198.22,22.67,92.37,6.05,107.7,Apple
25.38,133.1,200.51,22.5,94.63,5.75,109.68,Apple
17.66,134.83,197.21,22.29,92.03,6.07,107.24,Apple
23.78,141.47,200.71,22.08,92.19,6.41,108.82,Apple
23.19,128.22,198.63,22.05,90.9,5.72,105.85,Apple
31.2,130.12,199.48,23.45,94.12,5.93,106.85,Apple
22.1,136.83,199.49,22.21,91.48,5.81,111.6,Apple
19.28,138.72,198.67,22.39,90.83,6.0,108.36,Apple
27.19,141.7,200.44,21.9,91.61,6.15,116.49,Apple
29.26,136.8,201.52,23.56,90.06,6.17,114.92,Apple
19.13,126.96,197.87,21.95,91.9,6.06,114.33,Apple
34.26,127.26,197.89,23.49,93.31,6.02,112.37,Apple
27.31,135.78,199.16,22.7,90.61,5.83,106.61,Apple
25.16,126.71,198.67,21.36,93.19,5.98,101.47,Apple
22.28,134.6,198.64,21.98,92.41,6.09,102.82,Apple
30.94,127.5,199.96,22.47,91.84,5.74,108.57,Apple
37.66,123.99,204.23,22.31,92.54,5.73,106.14,Apple
24.36,125.96,199.48,22.19,94.81,5.71,110.51,Apple
29.05,125.81,201.72,22.2,89.38,6.16,104.42,Apple
20.95,136.8,199.13,23.19,94.01,5.84,113.97,Apple
22.78,145.0,198.27,23.27,93.55,6.08,106.65,Apple
26.55,119.04,200.56,22.76,92.67,5.26,103.67,Apple
22.82,134.32,200.72,22.37,93.29,5.74,113.05,Apple
30.47,134.86,199.54,23.87,93.12,5.76,111.24,Apple
32.2,128.82,202.72,22.79,89.57,6.07,107.97,Apple
30.86,138.4,200.49,23.75,92.28,6.16,114.02,Apple
26.89,137.37,198.51,22.18,90.86,6.06,111.63,Apple
34.87,137.44,199.29,21.62,93.04,6.28,113.78,Apple
34.28,131.18,198.83,21.95,92.43,5.98,111.03,Apple
26.69,131.66,198.06,23.21,92.6,5.96,106.26,Apple
19.18,140.67,201.39,21.28,93.45,6.23,110.62,Apple
37.49,133.85,196.46,22.77,92.81,5.85,112.87,Apple
17.08,138.69,197.8,21.76,92.36,6.11,110.82,Apple
22.86,129.34,197.17,22.33,93.84,6.0,114.3,Apple
36.6,128.82,199.53,24.13,94.31,5.58,111.94,Apple
27.5,137.67,198.14,21.87,91.65,5.86,114.08,Apple
20.12,128.61,195.53,23.26,94.09,5.92,108.51,Apple
30.33,141.72,201.02,21.98,90.48,5.72,110.37,Apple
23.4,133.72,198.62,21.71,91.03,6.39,114.44,Apple
38.32,135.87,198.93,23.49,92.46,6.06,109.79,Apple
9.08,142.53,201.23,22.75,92.42,6.04,107.01,Apple
31.35,124.33,200.47,22.92,92.25,6.09,105.04,Apple
21.46,133.98,201.7,21.09,93.15,5.86,109.04,Apple
19.13,127.18,202.42,22.52,92.02,5.97,112.45,Apple
30.25,132.03,202.73,23.23,93.02,6.01,113.29,Apple
29.46,139.13,202.25,21.74,91.14,5.82,114.88,Apple
17.65,134.97,200.91,23.37,92.73,5.66,105.2,Apple
20.11,129.14,199.54,21.63,94.34,5.67,116.73,Apple
34.91,138.11,198.27,22.76,90.9,6.23,109.63,Apple
24.94,124.85,193.81,21.72,93.89,5.9,109.15,Apple
31.6,143.79,203.31,21.77,90.07,6.59,121.34,Apple
28.68,124.56,202.41,22.42,92.36,6.22,111.67,Apple
20.09,130.47,201.65,22.88,92.83,6.23,108.19,Apple
28.62,111.4,198.88,23.07,92.01,5.88,104.79,Apple
33.77,135.93,202.06,21.21,92.3,5.93,108.6,Apple
23.65,130.34,202.12,21.07,94.72,6.12,109.79,Apple
33.17,12.74,8.34,21.74,94.21,6.73,112.25,Orange
23.82,22.43,14.19,28.72,92.4,7.0,112.89,Orange
30.67,25.56,12.76,21.71,93.3,6.61,105.38,Orange
25.82,19.62,5.85,27.88,89.04,7.77,117.51,Orange
25.87,20.05,10.76,18.82,92.74,6.7,109.53,Orange
28.63,13.43,10.1,23.52,92.66,6.67,115.69,Orange
25.29,21.14,13.24,22.0,92.77,6.71,116.19,Orange
25.89,26.42,9.74,17.13,93.35,6.64,113.1,Orange
10.44,20.03,8.85,15.85,91.81,6.53,109.76,Orange
18.95,21.58,13.42,24.26,93.51,7.16,116.18,Orange
39.19,17.5,8.2,27.4,93.39,7.04,119.45,Orange
27.57,22.13,7.55,35.85,92.08,6.63,108.27,Orange
23.47,16.35,8.69,13.96,91.52,7.48,113.68,Orange
33.29,25.89,14.59,11.43,90.96,6.45,107.65,Orange
25.62,17.77,10.55,22.72,91.6,5.93,105.04,Orange
24.07,18.76,7.18,19.43,91.09,6.7,104.63,Orange
22.19,13.46,9.62,17.08,93.63,6.9,109.65,Orange
22.52,21.9,11.73,23.39,94.5,6.92,114.57,Orange
28.33,23.38,8.01,19.64,92.94,6.88,112.54,Orange
34.38,12.88,7.56,23.93,91.59,8.02,112.58,Orange
27.01,17.42,8.8,22.69,92.64,6.58,108.63,Orange
35.9,26.92,10.63,14.12,93.17,7.33,116.85,Orange
32.09,27.11,10.13,26.43,91.65,6.86,116.65,Orange
23.82,15.69,10.24,21.08,93.31,6.58,118.59,Orange
19.44,26.27,8.09,11.28,92.8,6.65,104.45,Orange
16.99,19.96,12.44,26.16,92.57,6.93,109.86,Orange
18.56,12.9,9.49,21.5,93.56,7.03,113.03,Orange
25.75,13.1,11.03,25.78,89.51,6.44,106.54,Orange
28.24,15.98,9.9,21.18,92.3,6.48,106.81,Orange
20.75,21.9,11.43,17.68,94.4,6.63,117.65,Orange
23.49,9.87,11.01,24.05,92.54,6.51,109.83,Orange
24.3,18.49,12.1,23.65,93.26,6.66,108.29,Orange
20.29,18.15,5.0,18.81,92.4,6.96,108.66,Orange
29.67,9.1,9.86,12.0,90.99,6.68,116.38,Orange
29.82,20.09,9.95,18.04,91.82,6.91,103.07,Orange
31.21,18.06,12.06,28.51,90.41,6.53,105.72,Orange
16.17,14.84,16.1,26.31,94.9,7.06,106.29,Orange
25.11,22.94,11.09,18.89,90.61,7.98,109.29,Orange
25.46,20.57,9.39,23.27,94.11,6.7,104.19,Orange
26.49,17.68,13.56,29.82,92.63,6.27,103.87,Orange
27.59,21.68,9.06,19.5,91.76,6.74,98.09,Orange
20.62,16.86,13.02,17.41,92.73,6.83,116.49,Orange
35.39,19.71,8.81,18.35,92.2,6.59,112.77,Orange
30.13,22.96,13.15,34.14,92.66,7.16,108.24,Orange
34.91,25.31,12.52,23.09,91.66,6.23,109.8,Orange
37.08,18.45,11.96,27.77,92.15,7.24,95.46,Orange
19.86,15.42,7.95,24.6,92.86,6.9,112.98,Orange
21.56,13.91,10.99,18.56,90.54,7.11,116.98,Orange
37.23,20.94,11.56,31.06,91.7,7.17,111.38,Orange
33.21,20.93,13.24,23.9,90.65,7.29,105.26,Orange
35.33,19.55,12.94,29.59,93.04,6.94,112.11,Orange
14.91,20.59,7.21,23.57,91.07,6.31,118.02,Orange
34.18,19.98,10.46,20.95,93.21,6.5,114.97,Orange
25.92,17.9,10.05,18.81,92.91,6.55,112.34,Orange
35.1,16.4,9.67,25.38,91.96,6.92,112.78,Orange
34.27,16.97,7.64,20.58,91.29,6.96,104.19,Orange
42.08,26.48,10.03,27.92,90.45,7.7,107.05,Orange
26.75,10.72,11.22,15.59,92.63,6.55,104.61,Orange
22.47,21.13,6.8,17.82,93.33,7.73,112.39,Orange
21.77,18.16,10.08,20.32,93.63,6.83,114.54,Orange
25.53,26.63,9.58,16.43,95.22,6.07,106.31,Orange
23.58,32.54,14.52,31.84,92.09,7.66,111.84,Orange
33.61,20.9,9.88,20.93,92.24,6.98,111.84,Orange
27.3,27.55,5.0,25.69,93.4,7.18,109.68,Orange
28.8,24.93,13.73,20.62,92.83,7.38,99.38,Orange
23.19,27.33,12.73,25.77,91.94,6.42,107.04,Orange
37.18,16.86,10.25,17.79,93.55,6.55,109.51,Orange
16.98,11.93,10.02,14.22,95.13,5.98,106.0,Orange
27.6,18.17,7.24,16.51,91.26,6.64,119.76,Orange
27.99,25.91,11.27,29.46,89.0,6.64,116.54,Orange
23.93,28.81,13.71,19.57,91.87,6.37,106.85,Orange
19.8,22.14,6.36,26.27,93.29,6.13,117.75,Orange
30.71,23.75,8.1,26.39,93.91,6.71,120.01,Orange
27.78,25.7,10.73,26.16,90.41,6.89,106.33,Orange
22.21,28.72,9.47,16.23,92.05,6.26,117.17,Orange
23.15,22.65,13.39,19.37,93.17,6.36,122.23,Orange
33.35,19.04,8.07,21.79,92.08,7.48,103.87,Orange
28.34,19.91,9.71,21.82,92.35,7.08,113.04,Orange
30.12,5.0,10.75,12.15,93.31,7.3,105.37,Orange
25.86,17.0,13.09,23.09,94.66,6.91,111.21,Orange
27.93,24.09,5.66,23.03,92.41,7.02,109.06,Orange
21.01,20.04,7.29,10.47,93.41,6.97,112.34,Orange
35.64,16.67,6.42,22.06,92.07,6.43,109.6,Orange
23.68,10.82,8.9,15.4,92.79,6.5,115.56,Orange
37.52,23.4,6.12,31.91,94.47,6.76,116.61,Orange
24.05,10.67,8.1,33.31,90.64,6.75,110.17,Orange
24.29,17.78,10.18,18.99,90.72,6.83,115.37,Orange
32.93,15.95,6.87,20.72,94.46,6.99,113.52,Orange
33.06,22.1,10.3,26.64,91.82,6.22,113.61,Orange
35.24,14.41,12.05,33.0,92.5,6.44,110.62,Orange
24.06,16.92,11.08,12.48,90.7,6.76,109.89,Orange
29.65,29.38,10.26,26.24,91.28,7.04,107.37,Orange
27.95,19.46,12.58,14.31,89.65,6.67,112.34,Orange
28.45,26.16,11.09,18.98,89.59,6.66,115.14,Orange
25.05,20.14,11.05,16.15,93.28,7.36,109.14,Orange
20.44,19.67,5.0,24.61,93.07,7.38,109.03,Orange
30.05,15.69,9.11,12.97,92.26,6.64,111.5,Orange
23.6,20.42,9.17,20.43,92.6,6.77,113.81,Orange
26.75,18.25,9.55,18.03,92.05,7.51,105.44,Orange
25.76,18.06,9.38,20.43,92.85,6.11,115.19,Orange
58.04,49.73,44.33,28.37,92.2,7.07,173.52,Papaya
36.68,53.19,49.87,34.83,90.86,6.73,107.32,Papaya
42.84,59.12,51.93,37.92,93.22,6.69,182.51,Papaya
55.2,58.34,48.47,30.89,92.59,7.05,160.82,Papaya
47.15,52.3,48.77,44.93,92.0,6.86,125.26,Papaya
54.79,62.45,48.57,30.13,94.57,6.87,186.51,Papaya
59.39,60.37,55.04,33.73,93.22,6.57,101.69,Papaya
41.99,65.46,43.62,31.39,88.76,6.65,119.23,Papaya
64.62,59.98,47.92,39.1,92.52,6.75,81.86,Papaya
43.84,52.34,50.12,33.91,94.43,6.8,20.0,Papaya
54.8,48.44,47.59,29.24,91.67,6.58,155.68,Papaya
40.16,59.73,55.59,26.52,92.14,6.43,129.2,Papaya
58.12,62.0,50.19,38.17,95.68,6.96,117.57,Papaya
39.8,54.96,47.63,35.87,91.02,6.74,189.0,Papaya
51.62,51.59,52.94,23.64,92.09,6.74,145.84,Papaya
54.08,61.32,49.91,31.57,91.99,6.67,186.35,Papaya
46.84,62.79,50.05,30.76,93.27,6.66,178.5,Papaya
54.36,53.77,51.32,36.37,93.95,6.87,170.79,Papaya
42.63,72.8,46.49,38.48,93.04,6.6,138.47,Papaya
51.81,65.66,48.22,32.12,89.58,6.97,88.8,Papaya
55.36,56.87,49.75,37.75,94.59,6.78,179.39,Papaya
55.38,63.86,48.84,39.15,93.89,6.89,110.34,Papaya
51.03,59.0,46.57,41.87,92.48,6.79,114.71,Papaya
40.89,53.72,50.55,37.04,92.7,6.79,127.31,Papaya
56.84,66.77,51.76,37.75,92.87,6.56,90.16,Papaya
56.48,57.43,51.1,42.3,93.41,6.91,149.97,Papaya
45.44,57.14,47.99,41.68,93.49,6.82,209.89,Papaya
34.82,61.18,46.72,33.46,92.11,6.83,156.98,Papaya
64.27,53.74,51.77,34.35,90.46,6.64,137.13,Papaya
62.23,60.4,47.08,32.76,95.02,6.76,127.82,Papaya
56.8,62.27,48.86,36.14,92.09,6.84,153.91,Papaya
56.72,52.76,47.95,38.46,92.4,6.79,128.91,Papaya
60.36,53.7,49.66,37.63,93.97,6.68,247.88,Papaya
55.24,50.98,50.92,31.49,93.04,6.74,148.9,Papaya
44.52,63.69,47.11,27.68,92.96,6.95,126.49,Papaya
58.63,64.21,52.04,31.87,91.14,6.47,131.2,Papaya
62.81,50.47,51.75,28.51,92.63,6.84,110.38,Papaya
53.99,54.91,51.76,34.74,92.57,6.94,179.77,Papaya
46.46,56.96,49.81,33.92,95.66,6.8,38.12,Papaya
47.75,45.42,49.18,23.07,91.41,6.56,165.17,Papaya
52.5,59.39,49.74,26.18,93.14,6.99,166.48,Papaya
48.77,48.57,47.73,35.88,93.84,6.78,186.99,Papaya
58.69,60.67,48.35,34.41,91.44,6.75,162.37,Papaya
67.19,49.31,51.2,41.28,93.45,6.85,175.85,Papaya
63.86,50.7,46.54,33.47,89.8,6.9,209.09,Papaya
48.71,55.18,49.82,33.77,92.66,6.82,135.94,Papaya
60.75,60.29,48.48,40.51,90.8,6.74,195.76,Papaya
46.17,59.43,51.36,28.98,92.41,6.73,116.03,Papaya
72.64,52.73,52.51,31.44,91.14,6.76,179.08,Papaya
60.55,67.26,57.36,34.82,91.67,6.81,131.02,Papaya
60.6,49.39,55.92,37.99,90.39,6.66,187.84,Papaya
62.79,49.55,51.78,23.28,92.39,6.89,116.05,Papaya
39.31,58.41,48.49,36.81,91.39,6.65,38.9,Papaya
53.99,56.49,47.03,34.52,93.78,6.72,159.08,Papaya
54.89,49.97,55.14,31.03,93.32,6.85,137.67,Papaya
57.81,59.04,46.46,31.76,91.73,6.69,76.54,Papaya
62.36,67.51,52.45,40.17,92.07,6.67,104.12,Papaya
58.14,58.92,49.81,40.3,93.01,6.65,109.25,Papaya
58.47,64.01,51.38,43.46,94.54,6.81,100.97,Papaya
41.04,55.08,51.88,43.09,93.02,6.9,132.12,Papaya
57.95,62.65,45.05,31.33,93.69,6.78,82.18,Papaya
31.24,55.21,49.82,28.86,92.68,6.81,180.21,Papaya
31.89,49.29,49.24,36.5,93.11,6.81,124.87,Papaya
49.63,52.95,51.92,28.67,93.56,6.78,142.64,Papaya
46.75,49.03,48.38,31.77,89.54,6.73,193.53,Papaya
57.46,54.4,50.12,30.58,92.69,6.94,195.85,Papaya
57.06,54.42,51.87,24.64,92.18,6.82,183.87,Papaya
58.36,59.34,49.51,36.32,91.31,6.64,148.24,Papaya
54.02,46.09,51.14,37.56,92.4,7.05,109.15,Papaya
49.34,55.03,49.81,31.77,90.74,6.68,139.87,Papaya
63.25,71.26,53.34,29.43,91.63,6.73,238.69,Papaya
51.05,49.2,48.75,37.47,93.36,6.72,180.88,Papaya
32.61,58.15,52.15,29.13,91.45,6.52,228.47,Papaya
46.2,59.01,51.51,41.44,92.31,6.68,154.09,Papaya
63.74,56.44,47.61,25.41,90.97,6.86,128.17,Papaya
47.18,53.03,50.21,32.24,92.16,6.92,225.75,Papaya
38.41,59.55,48.06,32.2,92.89,6.72,157.1,Papaya
58.39,59.34,48.38,30.2,90.7,6.64,248.01,Papaya
45.57,50.04,50.8,32.92,92.26,6.93,173.83,Papaya
47.86,54.85,48.74,38.09,92.11,6.53,142.46,Papaya
39.05,71.15,47.59,32.65,92.82,6.71,129.77,Papaya
56.19,67.04,51.92,41.26,91.19,6.79,153.15,Papaya
55.57,66.1,49.45,31.37,93.17,6.53,132.57,Papaya
51.33,51.75,52.64,27.92,92.33,6.79,216.06,Papaya
52.41,63.35,51.75,34.15,91.14,6.57,150.59,Papaya
47.75,63.25,51.86,32.53,91.05,6.81,91.56,Papaya
45.86,51.38,49.65,39.64,92.49,6.69,64.91,Papaya
57.33,52.62,50.29,31.64,93.55,6.73,141.91,Papaya
56.75,70.67,52.22,33.03,92.5,6.68,95.13,Papaya
47.66,52.67,51.63,27.88,94.17,6.84,146.08,Papaya
52.5,54.02,50.68,39.21,91.62,6.56,181.92,Papaya
55.34,50.5,48.17,28.99,91.59,6.71,131.01,Papaya
46.81,52.76,49.43,34.38,92.1,6.89,171.67,Papaya
38.58,60.77,51.51,31.22,90.63,6.75,144.6,Papaya
42.69,48.43,49.78,32.28,91.98,6.74,87.1,Papaya
48.7,60.83,49.13,24.72,91.91,6.62,159.02,Papaya
55.29,47.13,51.9,27.66,94.45,6.74,79.56,Papaya
42.51,59.68,49.02,32.99,94.52,6.66,148.15,Papaya
64.92,59.19,45.98,36.15,91.05,6.93,101.8,Papaya
78.48,66.67,48.01,33.61,93.44,6.85,168.22,Papaya
35.33,19.39,29.08,26.24,96.43,6.09,181.55,Coconut
32.47,9.74,30.78,26.66,98.25,5.62,210.04,Coconut
27.97,22.44,34.19,26.92,95.4,6.06,164.12,Coconut
27.32,16.42,29.89,24.75,95.47,5.97,167.44,Coconut
28.87,12.83,34.82,26.42,94.17,5.76,175.54,Coconut
36.17,25.18,32.14,26.91,93.69,5.64,170.48,Coconut
26.03,25.24,30.77,27.71,97.19,5.89,134.61,Coconut
36.16,26.8,26.58,27.63,95.36,6.04,211.33,Coconut
35.9,23.26,31.18,26.96,93.6,5.99,154.7,Coconut
25.42,18.17,28.41,26.6,93.77,6.13,138.5,Coconut
26.79,20.66,29.22,26.37,90.93,6.09,189.57,Coconut
30.58,25.19,30.5,26.86,94.85,6.17,139.51,Coconut
21.92,27.93,23.85,26.39,97.14,5.98,165.89,Coconut
28.31,18.23,30.08,25.99,96.99,6.36,172.0,Coconut
18.83,17.38,29.54,26.88,92.23,5.81,186.49,Coconut
33.37,16.89,26.67,28.96,96.26,5.93,194.55,Coconut
26.72,24.34,30.4,26.57,94.24,5.64,218.61,Coconut
21.62,13.2,29.47,25.78,94.38,6.17,197.39,Coconut
32.59,18.47,30.12,26.81,90.54,6.14,142.21,Coconut
40.25,17.98,29.54,25.92,93.08,6.57,196.16,Coconut
17.82,27.52,32.98,26.29,95.19,6.0,219.38,Coconut
22.52,20.73,28.93,25.43,99.43,5.7,179.95,Coconut
16.62,18.0,31.05,25.88,95.82,5.93,201.1,Coconut
36.01,17.07,30.19,26.64,95.89,6.0,179.28,Coconut
25.98,20.58,33.24,26.98,96.08,6.18,171.54,Coconut
29.49,14.57,33.17,24.41,94.3,6.29,144.31,Coconut
30.0,16.6,29.08,27.21,94.95,5.49,153.03,Coconut
33.6,22.24,34.37,27.76,93.73,6.63,175.55,Coconut
21.48,16.83,24.36,27.71,98.09,5.75,169.87,Coconut
28.1,15.2,25.61,26.34,93.78,5.9,180.01,Coconut
36.43,18.48,30.43,27.05,95.75,5.85,177.17,Coconut
30.92,14.36,33.16,27.57,92.87,6.05,189.45,Coconut
24.09,22.41,30.41,25.4,95.53,5.72,196.13,Coconut
23.3,19.19,33.43,26.87,92.07,5.75,161.52,Coconut
29.97,21.79,27.89,25.62,95.13,5.95,223.54,Coconut
27.73,29.07,27.07,25.32,91.98,6.3,214.51,Coconut
22.61,17.7,27.08,25.14,96.12,6.06,175.24,Coconut
18.75,28.2,28.74,26.9,91.23,5.95,181.56,Coconut
29.54,20.77,31.24,25.65,94.94,6.03,180.21,Coconut
27.95,13.63,26.71,24.84,96.34,6.21,193.98,Coconut
29.42,9.33,27.43,26.63,94.8,5.94,183.3,Coconut
27.57,20.6,28.4,27.24,93.53,5.67,157.65,Coconut
25.32,24.97,29.89,26.36,91.69,6.2,160.33,Coconut
26.87,27.4,31.27,25.28,90.52,5.98,147.71,Coconut
31.55,20.21,30.41,25.97,98.42,6.71,168.73,Coconut
29.71,20.49,29.35,25.88,92.06,5.72,184.12,Coconut
24.25,7.11,31.11,26.47,97.53,6.09,141.73,Coconut
13.56,16.4,28.44,27.21,94.48,6.28,145.19,Coconut
33.53,23.6,24.95,27.49,94.71,6.1,155.54,Coconut
35.47,14.07,32.08,27.12,92.31,6.5,180.21,Coconut
31.59,12.36,35.29,25.58,96.81,5.75,161.07,Coconut
32.43,25.14,26.82,27.32,96.85,5.77,210.97,Coconut
18.39,16.88,31.2,25.86,95.09,6.06,170.79,Coconut
32.7,18.86,30.58,27.36,96.28,6.2,149.14,Coconut
30.78,15.61,26.8,26.45,92.47,6.2,193.33,Coconut
15.61,15.86,26.35,26.15,95.52,5.94,161.73,Coconut
35.63,8.48,33.09,26.09,94.32,5.87,209.71,Coconut
19.81,20.06,31.32,25.29,92.43,5.96,155.05,Coconut
22.4,18.25,31.62,26.24,96.93,5.75,146.83,Coconut
39.54,16.71,26.72,25.19,96.92,5.91,169.29,Coconut
26.5,25.06,29.55,28.26,94.8,6.27,193.12,Coconut
27.27,17.07,30.83,26.88,93.21,6.04,202.81,Coconut
40.44,24.27,34.66,26.03,96.08,6.33,154.83,Coconut
24.47,28.69,27.56,25.49,97.94,6.3,184.72,Coconut
27.21,17.81,30.7,27.68,95.04,6.54,154.8,Coconut
27.38,18.13,27.29,26.39,95.44,6.13,223.84,Coconut
30.4,25.75,30.17,27.76,99.9,6.13,152.67,Coconut
24.07,21.41,31.14,27.02,95.54,6.0,160.69,Coconut
30.01,29.27,32.55,26.9,96.82,5.91,163.56,Coconut
22.83,19.37,28.94,27.41,93.43,5.8,218.71,Coconut
24.68,20.77,31.13,25.65,97.28,6.16,210.06,Coconut
23.25,20.5,30.1,26.7,91.23,6.03,142.9,Coconut
29.74,9.36,25.37,27.11,93.27,5.75,203.59,Coconut
29.55,24.36,29.58,28.51,93.14,6.44,173.62,Coconut
17.16,22.41,30.79,25.71,92.43,5.99,182.87,Coconut
12.06,25.27,28.76,25.5,96.62,5.99,202.36,Coconut
30.24,19.99,29.62,26.86,93.57,5.79,188.72,Coconut
26.6,20.17,32.72,26.41,94.53,5.85,184.69,Coconut
29.69,24.5,28.55,26.16,96.28,6.06,154.61,Coconut
35.67,11.51,31.96,25.55,98.74,5.61,200.93,Coconut
26.99,18.17,30.46,26.97,92.47,5.8,189.62,Coconut
16.83,17.08,37.6,25.77,97.08,5.85,186.45,Coconut
31.59,25.64,29.5,27.99,93.17,6.06,180.52,Coconut
20.49,18.57,30.4,26.18,99.99,5.79,201.54,Coconut
32.85,19.93,27.84,25.92,93.33,5.55,152.42,Coconut
18.23,26.73,31.55,27.09,95.82,6.04,207.87,Coconut
23.68,20.53,31.87,25.51,100.0,6.01,178.19,Coconut
35.36,24.57,30.1,26.6,91.12,5.86,186.64,Coconut
30.27,26.11,29.7,25.46,96.88,6.36,195.21,Coconut
26.48,25.22,38.57,26.59,91.55,5.85,189.07,Coconut
17.47,20.85,30.95,27.65,97.45,6.22,126.34,Coconut
33.26,23.53,30.64,25.2,92.75,5.71,129.66,Coconut
27.48,16.01,36.56,26.37,97.41,5.61,163.07,Coconut
28.11,15.46,28.94,26.34,93.97,6.46,183.51,Coconut
30.5,22.7,31.53,26.44,93.78,6.04,201.03,Coconut
34.54,18.8,31.92,26.35,94.58,5.88,170.91,Coconut
35.88,20.46,30.34,25.41,93.8,5.94,156.34,Coconut
27.64,17.85,30.2,26.59,92.35,5.9,176.74,Coconut
34.9,21.28,28.35,26.8,98.34,6.23,187.32,Coconut
32.03,27.2,32.69,26.93,96.9,5.73,141.2,Coconut
121.57,47.93,18.64,24.83,75.34,6.73,71.36,Cotton
103.64,56.84,16.6,23.41,82.27,7.32,66.69,Cotton
126.82,49.31,25.83,24.4,79.65,6.57,69.42,Cotton
111.74,56.07,20.04,24.57,83.79,5.82,84.59,Cotton
120.55,50.22,17.93,23.24,81.22,8.19,82.52,Cotton
132.66,46.3,18.5,23.22,78.78,5.97,69.56,Cotton
114.4,46.4,20.33,24.36,79.96,6.71,60.27,Cotton
114.25,41.42,21.17,24.91,82.35,7.38,74.0,Cotton
114.78,42.83,16.23,24.99,79.56,6.38,68.8,Cotton
111.33,47.77,22.67,23.65,74.37,6.91,73.83,Cotton
117.75,43.58,20.54,24.07,79.94,7.21,71.78,Cotton
115.13,56.13,21.4,24.83,83.07,7.26,81.96,Cotton
104.21,48.78,19.54,25.68,82.32,6.68,77.8,Cotton
121.68,50.34,17.45,24.36,79.43,7.14,69.57,Cotton
114.15,54.84,17.37,23.02,79.87,6.61,68.36,Cotton
121.05,38.09,17.48,26.05,81.15,6.63,78.14,Cotton
125.67,53.72,19.68,24.98,74.9,6.47,76.23,Cotton
123.3,41.8,20.65,23.38,79.31,7.51,81.82,Cotton
110.03,40.89,18.97,23.97,78.36,7.52,77.61,Cotton
124.06,39.58,22.92,21.18,82.09,7.47,71.76,Cotton
132.73,47.11,20.16,24.34,87.97,7.67,80.26,Cotton
110.87,48.4,17.97,24.82,80.35,6.44,75.61,Cotton
111.51,48.45,17.85,24.03,81.88,6.97,72.07,Cotton
122.03,51.86,17.23,24.26,83.29,7.29,75.43,Cotton
126.4,50.33,21.88,21.98,76.12,7.5,63.71,Cotton
124.02,45.3,17.51,24.35,80.5,8.06,70.31,Cotton
134.4,49.7,18.35,24.8,81.41,7.02,77.0,Cotton
114.03,42.34,21.9,23.78,79.8,7.14,76.99,Cotton
105.71,55.54,20.3,23.8,81.08,7.12,80.75,Cotton
125.38,51.99,23.38,24.88,79.6,6.44,87.51,Cotton
117.62,44.54,15.66,24.34,80.37,6.24,78.4,Cotton
115.02,64.31,18.58,23.56,77.81,7.64,72.2,Cotton
112.75,51.92,16.55,24.63,84.45,7.28,79.78,Cotton
128.7,58.19,23.02,24.44,82.26,6.56,80.82,Cotton
109.94,45.21,12.29,24.4,78.39,7.56,77.93,Cotton
131.24,40.73,22.6,26.11,81.91,7.4,76.27,Cotton
114.75,52.26,16.23,23.58,75.57,6.65,79.82,Cotton
125.05,47.82,20.43,22.11,79.07,6.66,70.06,Cotton
126.0,42.12,18.49,21.91,79.26,6.46,75.59,Cotton
110.49,48.15,19.64,25.67,81.24,6.08,65.51,Cotton
120.55,41.69,12.58,25.35,81.8,7.26,70.45,Cotton
124.28,43.1,20.51,23.08,83.79,6.21,84.24,Cotton
120.39,44.44,20.42,24.73,83.42,7.16,68.32,Cotton
120.56,58.85,23.37,24.91,81.99,7.35,83.69,Cotton
115.43,39.03,20.17,23.18,77.36,6.64,93.64,Cotton
121.36,49.76,16.94,22.16,77.95,7.72,77.51,Cotton
125.99,52.12,18.52,25.39,78.42,7.7,78.32,Cotton
102.11,42.82,15.54,25.16,79.94,5.89,77.82,Cotton
114.63,38.23,24.19,24.11,79.27,6.8,63.65,Cotton
106.95,55.53,18.82,24.02,74.89,6.34,79.57,Cotton
123.78,58.46,23.36,23.77,81.18,6.84,90.41,Cotton
131.49,48.56,20.5,25.44,81.45,7.78,58.55,Cotton
124.61,44.28,24.39,25.55,80.08,7.77,88.37,Cotton
120.74,62.95,19.92,23.79,82.16,6.82,75.64,Cotton
134.09,47.62,15.76,24.37,78.26,7.43,80.22,Cotton
134.71,53.17,22.73,23.33,82.01,7.98,69.84,Cotton
138.0,44.07,17.87,24.3,81.79,7.46,67.79,Cotton
124.35,43.22,16.28,23.07,78.12,7.26,83.64,Cotton
105.27,49.7,17.06,24.63,78.44,6.47,81.0,Cotton
114.13,45.53,14.45,24.95,82.05,7.0,63.54,Cotton
132.09,43.34,18.87,26.31,78.24,7.37,79.22,Cotton
123.9,49.26,20.94,24.27,79.87,7.76,65.16,Cotton
130.21,52.64,21.75,25.12,79.77,6.07,74.46,Cotton
110.09,42.93,16.89,23.52,78.51,5.81,80.25,Cotton
140.0,51.29,19.49,23.95,78.95,7.05,74.72,Cotton
111.59,58.02,16.28,24.72,79.75,7.95,77.56,Cotton
116.4,45.95,20.1,22.86,78.08,6.11,68.08,Cotton
120.94,49.38,15.05,23.86,81.41,6.92,70.25,Cotton
115.88,44.12,18.41,24.17,85.77,6.63,72.61,Cotton
119.48,43.2,22.75,21.63,78.67,7.41,72.79,Cotton
111.79,50.25,22.27,24.21,78.0,7.23,71.98,Cotton
127.45,56.77,13.49,24.11,75.66,8.22,71.49,Cotton
127.46,47.28,17.99,23.08,83.96,7.48,89.58,Cotton
120.55,49.3,19.33,23.71,77.4,7.04,69.08,Cotton
124.42,48.56,20.72,25.68,79.91,7.38,90.39,Cotton
133.07,54.71,19.23,24.23,76.7,7.25,77.06,Cotton
120.23,53.92,16.98,25.63,82.25,6.96,73.88,Cotton
124.81,57.01,20.25,24.14,80.05,7.89,72.23,Cotton
119.7,56.65,20.37,25.14,77.72,6.9,86.13,Cotton
113.24,46.55,20.64,23.01,78.97,7.06,75.35,Cotton
132.8,57.13,17.86,24.11,81.69,7.76,80.39,Cotton
122.91,51.67,21.68,23.07,80.48,7.73,73.44,Cotton
121.29,45.98,14.22,24.02,80.75,6.74,66.34,Cotton
111.19,52.28,24.93,25.38,76.64,7.43,70.03,Cotton
114.18,44.61,21.77,24.96,79.75,6.96,78.48,Cotton
125.68,54.85,16.79,24.02,77.33,6.97,73.3,Cotton
119.53,42.5,16.28,21.91,79.67,6.78,69.93,Cotton
133.23,42.13,23.54,25.62,75.12,7.05,72.0,Cotton
90.88,38.47,21.94,26.02,82.26,7.16,74.84,Cotton
136.83,60.93,18.53,22.0,74.75,7.66,74.65,Cotton
121.83,36.31,18.12,23.7,80.52,6.8,67.22,Cotton
112.15,55.05,20.61,24.61,77.75,5.52,71.08,Cotton
111.33,49.68,28.21,24.7,86.84,7.28,70.28,Cotton
123.48,58.63,24.57,23.42,80.63,6.29,81.19,Cotton
135.53,47.75,18.33,24.36,81.04,7.04,76.34,Cotton
118.26,53.72,21.84,23.02,77.47,6.87,80.53,Cotton
121.48,43.48,20.65,23.67,82.2,7.17,72.64,Cotton
122.32,55.72,18.58,24.4,79.82,7.21,70.09,Cotton
121.1,54.42,17.66,22.67,76.77,6.41,79.46,Cotton
105.94,45.64,21.55,24.42,79.04,7.1,75.8,Cotton
73.32,46.18,45.59,25.11,81.2,6.56,173.94,Jute
65.01,42.44,44.75,24.11,79.8,6.28,161.83,Jute
72.44,47.1,42.31,24.84,73.96,6.7,171.01,Jute
68.14,41.95,42.57,23.13,79.04,6.62,165.34,Jute
80.55,56.78,42.79,24.88,77.72,6.11,168.48,Jute
68.17,55.15,39.04,25.13,76.34,6.43,167.66,Jute
84.7,42.65,40.31,23.91,74.22,6.73,165.21,Jute
67.8,49.29,37.89,23.89,72.65,6.72,186.8,Jute
86.3,42.96,45.38,23.75,77.71,6.48,164.11,Jute
69.41,47.17,41.45,25.0,72.64,6.38,163.54,Jute
74.16,46.19,37.62,24.7,80.66,6.56,169.58,Jute
79.2,44.01,41.67,23.96,79.58,6.88,167.25,Jute
70.58,44.29,43.43,23.55,73.33,6.54,174.8,Jute
72.97,38.18,39.0,24.43,73.43,7.01,186.49,Jute
74.41,48.94,34.6,24.18,77.51,6.59,165.78,Jute
92.08,58.87,41.17,25.35,69.44,6.45,169.13,Jute
73.23,44.44,33.62,24.79,76.36,7.35,165.15,Jute
68.47,30.75,39.27,25.18,73.47,7.55,171.79,Jute
76.1,38.98,40.72,23.02,76.73,7.02,191.99,Jute
67.35,48.5,41.41,24.83,72.84,5.85,179.34,Jute
73.86,43.96,41.91,24.47,71.7,6.03,160.89,Jute
92.95,52.02,40.47,24.36,74.38,7.19,168.87,Jute
79.33,45.32,44.85,25.06,78.11,6.53,188.23,Jute
72.66,48.19,44.09,23.72,75.51,6.91,181.5,Jute
71.62,60.54,36.76,25.59,78.04,7.46,155.15,Jute
68.48,56.82,35.31,23.3,73.78,6.82,194.9,Jute
73.61,43.7,40.78,24.85,76.1,6.68,150.56,Jute
68.12,56.38,40.47,24.26,77.8,6.33,172.18,Jute
76.03,44.74,40.25,24.36,71.5,6.82,158.4,Jute
76.24,56.09,39.3,23.62,74.68,6.44,182.43,Jute
73.89,58.19,42.91,24.39,76.79,6.6,175.42,Jute
72.29,52.29,43.58,25.1,77.3,7.1,181.89,Jute
66.46,58.13,44.51,24.32,74.07,6.98,181.89,Jute
73.49,39.69,40.76,24.91,76.81,6.88,171.61,Jute
82.46,47.91,38.84,24.36,70.64,6.68,183.61,Jute
77.55,57.0,39.34,24.87,76.98,7.63,176.81,Jute
67.17,52.8,44.66,24.26,77.1,7.21,187.71,Jute
75.94,43.13,39.8,24.84,77.27,6.88,170.25,Jute
79.17,52.88,40.95,23.87,74.55,7.11,157.71,Jute
59.3,56.93,41.28,24.96,72.31,7.03,178.44,Jute
63.12,56.4,40.4,24.2,74.06,5.99,182.42,Jute
76.96,46.29,43.2,23.46,73.51,6.43,171.52,Jute
75.51,50.19,39.13,23.84,79.22,7.65,176.79,Jute
69.32,56.72,36.38,24.25,73.26,6.32,171.5,Jute
68.52,47.58,40.07,24.03,74.07,6.66,185.12,Jute
73.89,52.65,41.46,24.93,78.47,6.33,169.09,Jute
88.22,45.89,32.96,24.35,75.34,5.77,191.67,Jute
69.65,49.55,39.44,23.53,72.32,6.4,188.57,Jute
73.89,44.24,37.66,25.4,78.66,7.19,181.16,Jute
77.17,39.9,39.39,23.99,70.44,7.15,166.3,Jute
83.97,53.01,41.39,24.96,73.46,7.45,175.54,Jute
77.26,43.44,37.67,24.86,75.54,6.45,157.02,Jute
65.48,54.98,38.47,24.25,78.63,6.33,165.91,Jute
69.23,57.61,44.98,25.06,76.96,6.53,199.34,Jute
77.01,52.83,39.74,24.3,79.16,6.95,193.14,Jute
76.91,42.2,38.54,24.58,73.43,6.33,190.02,Jute
70.91,48.36,40.74,24.06,78.63,6.33,178.27,Jute
76.85,47.16,36.76,25.15,76.86,6.5,183.84,Jute
77.81,39.5,37.87,25.35,75.77,6.54,164.27,Jute
71.13,44.72,37.89,23.19,77.85,7.11,159.08,Jute
76.02,41.86,39.35,24.24,73.93,7.5,169.5,Jute
68.94,42.73,42.61,23.26,73.09,7.29,178.05,Jute
76.44,60.83,40.62,23.97,74.29,6.32,190.7,Jute
79.31,54.53,43.03,24.19,72.64,6.73,164.09,Jute
76.24,54.58,39.58,24.61,74.77,7.05,166.65,Jute
58.53,50.44,42.47,24.83,73.4,6.32,181.18,Jute
76.06,46.71,44.56,23.79,79.44,6.76,152.06,Jute
73.66,53.5,39.09,23.39,74.59,6.43,181.15,Jute
80.8,40.9,38.24,25.07,72.85,6.34,160.27,Jute
77.64,49.43,38.29,24.5,78.82,6.38,150.6,Jute
78.41,46.81,38.22,24.99,77.1,5.92,166.84,Jute
92.38,51.15,41.69,25.38,75.04,7.05,183.98,Jute
79.04,45.49,40.43,24.06,75.03,6.31,165.12,Jute
72.88,41.6,38.74,24.38,76.01,7.11,169.2,Jute
85.01,53.37,41.26,24.62,75.8,7.2,190.29,Jute
85.01,47.76,41.39,25.51,73.44,6.63,175.2,Jute
81.75,53.22,39.42,23.37,75.62,6.41,156.38,Jute
65.52,49.54,43.4,24.53,75.53,7.19,155.69,Jute
78.9,47.43,41.42,24.14,72.96,6.8,195.61,Jute
81.46,44.33,36.65,23.24,78.29,6.39,170.93,Jute
84.91,37.41,43.73,24.31,72.13,6.66,165.97,Jute
78.31,43.45,35.22,24.33,71.61,6.83,160.16,Jute
71.34,48.64,39.47,24.69,76.7,6.32,174.2,Jute
50.03,49.05,39.25,23.76,75.79,7.19,169.05,Jute
67.91,48.53,36.66,24.0,78.06,6.77,151.51,Jute
61.52,48.51,42.16,23.29,76.12,7.25,198.6,Jute
77.48,50.67,34.67,26.07,73.56,6.4,171.81,Jute
86.34,61.3,40.31,25.25,75.11,6.36,193.46,Jute
70.33,57.1,43.25,24.96,79.57,7.59,172.81,Jute
68.93,35.85,45.61,24.17,77.84,6.47,194.23,Jute
69.75,40.05,39.48,24.1,76.49,6.73,182.85,Jute
72.82,43.34,38.54,26.03,75.56,6.01,168.5,Jute
75.73,59.03,42.57,23.81,81.05,6.74,190.58,Jute
66.34,32.51,36.48,22.06,80.28,6.83,163.44,Jute
78.39,48.68,41.55,25.41,74.28,6.42,185.35,Jute
81.02,48.13,45.44,24.17,72.75,6.91,166.56,Jute
78.72,42.29,39.0,25.92,73.99,6.45,189.63,Jute
67.12,43.17,41.44,25.2,78.05,6.47,182.45,Jute
71.5,43.71,43.01,24.09,75.7,6.81,161.62,Jute
82.25,51.0,35.03,24.71,73.07,7.16,156.93,Jute
96.44,26.81,30.14,26.45,52.41,7.37,160.5,Coffee
113.6,29.37,29.97,23.89,57.18,7.35,177.71,Coffee
93.8,10.91,29.47,25.14,58.75,6.95,167.52,Coffee
109.9,27.23,25.5,25.07,71.52,6.89,157.36,Coffee
103.59,27.08,24.04,25.2,59.81,7.23,150.95,Coffee
83.53,27.15,27.99,23.98,55.83,6.95,175.18,Coffee
104.83,28.16,31.18,25.63,63.48,5.84,152.22,Coffee
89.55,30.81,29.63,25.54,52.47,7.13,162.55,Coffee
105.57,20.93,28.07,25.78,56.53,6.91,106.78,Coffee
95.12,33.98,31.1,25.71,69.93,5.87,133.69,Coffee
95.99,29.29,32.19,24.42,64.99,6.6,174.23,Coffee
89.67,24.38,28.77,26.82,57.39,6.73,160.14,Coffee
105.45,29.43,30.53,24.98,58.25,6.76,154.99,Coffee
98.53,25.1,26.21,26.33,60.91,7.13,150.0,Coffee
82.62,23.21,29.5,26.43,49.65,6.77,160.27,Coffee
93.39,25.37,28.43,24.59,57.96,6.48,163.67,Coffee
92.65,20.49,34.42,26.7,50.69,6.46,154.85,Coffee
103.24,17.55,32.9,26.53,62.41,7.26,159.05,Coffee
104.49,32.79,32.75,24.45,63.17,6.5,160.08,Coffee
104.77,18.08,29.7,25.83,57.82,6.87,166.12,Coffee
99.69,26.12,33.46,26.09,61.0,6.39,163.42,Coffee
103.3,31.42,30.12,23.23,51.5,7.03,138.6,Coffee
104.37,25.57,29.58,25.38,55.67,6.74,138.31,Coffee
96.28,23.38,29.43,26.65,59.35,7.13,180.76,Coffee
108.55,27.67,30.82,26.58,60.45,7.12,162.28,Coffee
96.4,29.48,30.23,25.37,57.62,6.81,169.93,Coffee
108.89,26.77,31.5,27.09,59.25,6.33,176.02,Coffee
94.7,21.55,25.51,26.21,51.89,6.47,161.76,Coffee
107.22,21.74,29.66,24.41,57.26,6.85,139.97,Coffee
97.56,17.68,32.83,26.14,63.96,7.23,133.5,Coffee
96.42,15.53,37.85,25.31,65.19,6.29,169.93,Coffee
118.58,24.7,27.47,25.33,48.87,6.74,166.42,Coffee
99.64,23.58,31.32,26.26,51.7,6.78,198.72,Coffee
86.65,24.57,34.85,26.88,57.43,6.83,149.96,Coffee
92.52,24.63,29.3,25.64,56.26,6.27,149.17,Coffee
117.15,25.41,29.17,26.44,59.21,7.45,149.92,Coffee
107.0,21.23,31.26,25.84,59.72,6.56,137.24,Coffee
102.82,28.14,29.68,25.86,59.81,6.79,145.99,Coffee
100.18,38.49,30.78,26.31,62.19,6.65,175.88,Coffee
97.09,30.28,29.16,24.3,61.83,6.34,160.71,Coffee
88.06,23.4,26.42,29.03,51.73,6.75,172.87,Coffee
110.36,29.26,29.21,27.19,64.57,6.83,154.81,Coffee
96.96,20.45,33.09,27.14,55.58,6.69,147.13,Coffee
99.67,25.32,32.37,24.57,55.77,7.21,140.75,Coffee
87.37,22.57,29.17,27.44,64.62,7.18,166.4,Coffee
109.46,21.56,29.5,24.26,58.95,7.01,152.69,Coffee
113.11,19.29,31.25,23.94,60.47,7.03,145.71,Coffee
105.51,20.2,25.84,26.2,68.72,6.38,174.44,Coffee
100.43,18.32,27.17,25.52,57.98,6.26,116.12,Coffee
91.53,25.97,29.98,24.87,61.01,7.14,157.88,Coffee
98.79,29.64,27.6,25.22,58.99,6.29,141.6,Coffee
79.25,34.56,27.66,27.48,60.19,6.96,140.22,Coffee
102.08,28.25,31.66,26.47,58.16,6.57,118.12,Coffee
105.23,30.41,34.04,25.88,56.17,6.11,170.83,Coffee
82.04,23.3,29.44,25.41,60.18,6.8,101.69,Coffee
100.15,13.85,31.83,24.81,49.21,6.44,138.6,Coffee
111.91,25.98,30.86,26.98,59.52,7.03,163.68,Coffee
87.14,32.36,26.45,26.65,52.41,6.98,187.24,Coffee
97.87,23.72,31.53,25.09,69.09,6.82,143.6,Coffee
94.6,20.34,28.43,25.06,57.56,6.5,191.98,Coffee
89.7,25.73,31.48,26.29,59.71,6.66,159.03,Coffee
102.67,23.71,26.1,24.92,54.27,6.5,150.66,Coffee
103.59,33.9,28.66,26.47,61.53,7.24,161.52,Coffee
89.92,16.38,30.78,24.84,55.1,6.27,153.22,Coffee
115.08,22.96,31.48,25.37,53.55,7.03,128.11,Coffee
100.22,23.29,32.23,24.18,61.95,6.44,139.78,Coffee
63.65,35.46,31.38,24.54,54.38,6.56,164.34,Coffee
81.08,24.29,34.43,24.08,60.4,7.58,162.64,Coffee
101.26,27.53,29.0,27.12,58.0,6.02,142.17,Coffee
90.33,23.59,29.35,27.0,63.48,6.85,149.94,Coffee
89.41,14.09,30.28,26.49,59.46,6.55,159.29,Coffee
99.17,33.43,33.08,26.7,63.79,6.27,163.26,Coffee
103.76,28.03,31.23,26.07,73.5,6.72,168.73,Coffee
95.29,28.95,32.35,25.96,68.35,6.42,140.26,Coffee
102.12,29.4,30.45,27.11,56.69,6.32,156.16,Coffee
99.23,27.71,29.93,25.07,59.63,6.76,143.9,Coffee
97.97,22.98,32.14,25.74,71.28,6.81,138.98,Coffee
126.71,27.07,32.48,26.24,63.12,6.95,127.96,Coffee
103.68,18.38,29.56,24.59,61.79,6.88,159.62,Coffee
102.87,21.97,29.35,26.65,65.34,6.32,119.38,Coffee
92.73,30.23,33.04,24.34,61.54,7.44,158.31,Coffee
114.22,29.99,27.72,25.26,60.17,6.79,168.33,Coffee
104.09,10.32,26.72,22.77,60.88,6.84,155.66,Coffee
90.41,28.37,31.79,23.93,52.67,6.75,185.84,Coffee
117.0,27.82,28.18,26.61,57.74,6.46,107.12,Coffee
101.02,21.85,30.24,22.63,60.85,5.84,171.76,Coffee
105.22,23.61,31.41,24.28,60.36,7.05,88.11,Coffee
95.53,24.89,29.51,27.32,54.38,6.52,111.68,Coffee
115.1,23.77,28.9,25.43,63.18,6.88,202.96,Coffee
104.54,22.67,28.6,25.01,52.49,6.76,165.67,Coffee
93.87,20.96,33.79,23.72,49.66,6.32,119.19,Coffee
103.86,23.2,29.45,26.94,56.54,7.04,180.23,Coffee
95.44,28.69,29.4,26.66,52.14,6.13,142.17,Coffee
91.11,22.42,29.45,26.4,57.96,6.44,142.97,Coffee
92.31,20.33,25.97,25.59,57.16,7.11,121.05,Coffee
94.58,34.06,27.65,25.2,53.92,6.24,180.95,Coffee
101.71,25.67,25.76,25.95,65.79,7.18,163.37,Coffee
88.71,26.57,31.67,23.26,54.39,7.08,167.52,Coffee
84.51,28.98,30.24,26.48,56.83,6.99,166.88,Coffee
96.49,25.09,28.38,27.56,59.4,6.4,135.68,Coffee
