crop,soil_type,area_acres,nitrogen,phosphorus,potassium,ph,temperature,rainfall,irrigation_liters,fertilizer_kg,yield_tons
Tomato,Silt,9.53,107.84,51.91,36.06,5.55,16.34,1599.26,162252.92,814.98,201.31
Potato,Peaty,9.71,119.89,24.86,39.55,5.64,22.0,1087.13,132490.24,794.19,143.13
Barley,Silt,9.75,47.93,16.34,98.48,6.34,37.61,1000.14,216453.42,585.51,29.73
Groundnut,Clay,9.51,135.88,66.59,56.12,5.34,30.74,960.23,70794.51,1060.0,27.16
Wheat,Loamy,2.96,99.5,31.82,85.21,6.91,19.25,1754.38,60655.26,260.46,11.75
Cotton,Silt,0.93,59.04,37.21,51.63,7.9,23.21,721.4,14738.74,55.68,1.5
Rice,Loamy,9.88,112.67,23.91,15.75,7.85,31.26,1393.51,201709.59,697.43,29.33
Tomato,Clay,1.6,123.57,53.63,59.67,5.22,22.15,787.77,31362.21,161.9,34.49
Wheat,Loamy,4.14,136.61,69.42,112.43,5.83,20.89,360.65,79500.72,537.1,14.45
Wheat,Loamy,3.49,81.03,73.53,48.65,6.44,32.38,643.2,22799.54,294.68,11.45
Potato,Silt,9.33,116.97,54.34,132.65,7.81,19.29,1638.84,147324.85,1120.01,183.76
Groundnut,Loamy,3.09,97.72,10.04,62.6,6.07,18.79,1101.13,45342.78,221.07,8.56
Barley,Silt,2.82,40.19,25.31,90.34,6.41,16.49,680.87,28015.79,161.61,8.58
Wheat,Loamy,1.91,139.73,28.67,146.84,6.44,15.76,817.61,33726.08,239.09,8.17
Sugarcane,Silt,4.75,86.35,51.49,25.92,6.29,20.57,1504.71,68485.32,340.11,250.31
Potato,Sandy,8.26,115.8,20.55,83.61,7.44,34.74,788.94,77647.17,752.98,144.6
Wheat,Silt,6.63,40.92,58.37,67.21,8.28,18.16,811.6,48190.35,424.07,22.69
Barley,Sandy,2.67,40.99,78.75,84.75,5.91,37.91,1748.13,43182.68,206.81,8.96
Tomato,Loamy,3.15,104.04,69.27,130.6,6.42,35.42,1576.39,74677.88,374.48,82.11
Soybean,Silt,6.02,64.67,75.81,146.44,5.99,22.02,1028.42,84041.7,641.33,19.08
Cotton,Loamy,0.67,79.27,22.52,64.47,7.6,31.58,762.09,10647.24,45.67,1.27
Potato,Peaty,5.12,128.73,40.41,62.26,7.26,30.39,1596.25,49209.87,508.34,86.52
Cotton,Sandy,7.8,25.23,79.62,78.44,5.98,35.32,1421.58,187709.6,530.46,14.78
Sugarcane,Sandy,9.81,29.04,31.4,40.77,5.94,26.16,859.03,126529.08,385.78,442.87
Wheat,Clay,6.34,138.81,19.81,84.97,8.07,32.04,1345.52,120823.91,652.13,20.81
Barley,Clay,8.2,124.05,73.93,84.03,6.76,33.36,1274.95,156047.88,957.34,30.31
Wheat,Silt,6.0,72.62,57.04,59.3,5.54,37.58,1558.4,133231.15,461.43,18.2
Barley,Sandy,1.71,82.67,63.9,44.14,7.18,16.96,377.52,26676.62,136.8,5.07
Tomato,Silt,1.76,136.34,60.02,20.54,6.4,24.97,1416.06,17641.12,173.19,34.11
Tomato,Loamy,7.04,26.98,74.06,74.72,5.84,17.16,574.3,166811.4,461.4,143.75
Tomato,Peaty,6.31,70.35,27.34,63.06,7.65,15.33,474.11,37363.51,410.42,101.65
Cotton,Peaty,5.0,31.74,44.41,78.92,5.61,24.98,897.76,86665.56,286.82,9.78
Maize,Silt,4.06,95.1,45.22,130.63,7.31,18.75,405.85,72443.38,425.47,16.49
Cotton,Silt,4.19,97.19,42.08,88.66,8.3,23.88,1741.79,96763.26,385.37,7.56
Maize,Peaty,1.4,101.96,14.98,58.06,7.96,15.54,1521.7,14862.24,103.94,4.96
Sugarcane,Clay,6.47,125.3,61.45,123.47,5.99,19.08,1425.92,136859.19,804.65,410.47
Cotton,Clay,2.88,89.67,70.7,90.85,5.84,30.64,1409.86,28075.1,288.57,6.03
Rice,Silt,8.35,58.41,72.69,67.54,5.04,35.82,436.93,95090.7,655.92,34.37
Cotton,Sandy,5.18,29.99,16.42,96.33,6.94,19.89,1719.29,106919.49,261.59,8.64
Sugarcane,Clay,9.76,139.51,13.91,114.5,6.91,31.23,1752.98,183016.37,1069.87,565.55
Rice,Peaty,8.47,71.13,25.58,68.55,8.12,18.37,1069.99,81815.99,561.79,29.69
Rice,Silt,2.75,128.92,51.43,62.28,7.48,26.08,866.98,52501.17,285.07,10.05
Wheat,Sandy,2.91,68.62,50.0,115.03,7.69,33.92,1416.32,54186.13,258.47,9.25
Groundnut,Silt,3.21,124.23,25.65,145.04,5.04,37.31,364.74,73358.72,372.49,9.55
Sugarcane,Silt,5.76,136.32,46.62,99.97,7.44,25.45,1241.34,96139.97,672.93,337.21
Groundnut,Sandy,3.17,134.05,72.32,76.51,7.17,21.38,582.18,45236.35,376.83,9.17
Maize,Silt,1.24,136.93,79.03,109.25,6.88,22.12,1520.69,23152.9,164.54,5.77
Wheat,Peaty,9.44,70.0,50.68,139.09,5.29,35.16,1127.38,78279.66,915.18,32.78
Potato,Loamy,5.06,138.23,36.37,116.19,6.38,34.07,1153.62,31749.44,600.15,82.23
Rice,Peaty,1.04,123.77,66.9,149.96,8.49,27.77,1453.48,24745.2,138.39,4.85
Rice,Peaty,4.78,35.5,76.78,96.83,5.8,30.45,1227.19,58142.41,370.53,16.19
Barley,Clay,5.44,112.68,46.41,130.04,6.93,27.9,1614.98,71137.14,620.04,16.46
Tomato,Peaty,6.39,104.49,24.91,33.41,5.05,23.06,1184.88,82116.56,461.77,115.7
Maize,Silt,5.7,74.11,73.73,55.22,6.83,31.05,1494.71,80876.03,473.82,27.81
Rice,Silt,1.13,25.5,53.46,61.9,5.73,28.33,812.34,17780.21,59.52,3.85
Potato,Silt,2.23,61.48,72.78,78.98,7.34,18.96,588.43,12960.3,186.13,32.91
Barley,Peaty,0.8,85.85,47.41,63.06,8.13,17.96,795.15,9169.84,64.82,1.98
Groundnut,Sandy,9.25,27.33,29.38,123.84,7.62,19.24,614.02,114766.09,578.65,23.66
Barley,Silt,4.0,75.5,62.32,19.95,5.88,31.41,1642.81,61005.48,274.99,11.34
Maize,Clay,3.86,67.66,17.34,114.55,5.64,27.97,1561.06,26216.38,290.34,16.73
Groundnut,Loamy,3.76,76.88,34.86,102.59,6.68,28.44,1405.23,60706.76,312.49,10.92
Wheat,Clay,3.2,63.57,55.21,92.06,6.25,37.69,1208.66,31142.28,260.42,9.87
Potato,Silt,8.58,30.55,66.41,22.51,7.95,16.19,327.36,162550.98,417.05,136.02
Potato,Clay,5.97,130.09,10.37,146.63,6.72,31.63,1531.29,115672.25,675.92,112.76
Barley,Sandy,8.47,44.61,77.76,110.98,5.7,31.93,1094.76,162088.43,734.07,28.33
Potato,Peaty,5.31,131.84,32.44,95.17,6.29,25.45,1122.9,84813.36,570.35,87.18
Soybean,Clay,1.33,36.66,10.19,30.75,6.66,28.94,1491.43,9522.07,42.22,3.04
Maize,Peaty,7.44,132.6,22.69,23.98,7.59,28.21,1562.74,58023.39,614.57,33.3
Wheat,Peaty,2.27,48.28,54.36,137.56,6.11,28.53,1324.47,31880.36,197.92,8.77
Wheat,Peaty,3.36,109.71,45.19,46.35,8.15,23.83,1115.33,77786.39,292.04,11.22
Wheat,Sandy,6.46,60.19,19.75,122.19,7.17,27.27,1640.84,134253.78,482.49,19.64
Rice,Peaty,2.86,109.27,12.35,91.94,7.67,35.17,813.12,61289.78,249.32,9.51
Cotton,Peaty,1.71,67.67,65.81,35.24,5.8,31.61,1380.05,30497.61,121.03,3.51
Cotton,Clay,2.89,61.48,22.71,137.64,7.04,24.22,993.01,69253.05,234.6,5.46
Soybean,Clay,6.31,22.17,71.05,140.84,6.98,31.02,1683.75,120780.83,515.79,14.58
Barley,Loamy,4.53,108.37,75.41,139.95,6.58,17.6,1777.26,98637.65,572.2,14.51
Groundnut,Loamy,8.76,82.26,51.39,68.87,5.19,22.71,1504.28,44631.98,721.68,21.87
Cotton,Loamy,8.7,130.76,42.6,79.91,8.21,28.5,349.27,202397.99,925.97,16.62
Groundnut,Silt,4.48,129.78,35.37,93.38,7.21,15.3,1295.31,38350.24,479.57,14.92
Rice,Silt,4.44,30.24,79.78,82.8,7.08,16.54,1424.94,40829.77,319.04,18.72
Rice,Peaty,4.09,120.39,51.12,54.7,7.5,27.14,1101.68,59779.55,396.78,15.78
Wheat,Silt,2.23,123.41,76.23,65.4,5.95,29.81,913.1,12272.96,249.16,7.43
Maize,Peaty,4.38,86.21,27.77,41.48,6.77,28.69,808.91,71715.28,291.67,20.21
Soybean,Clay,8.15,138.65,52.22,123.92,8.37,36.72,511.62,106998.41,1038.3,20.53
Maize,Clay,1.31,44.95,11.86,39.49,7.04,24.69,1639.01,28016.79,51.27,4.64
Barley,Clay,3.95,24.11,68.15,61.6,7.71,23.34,1591.6,37082.53,228.23,12.19
Soybean,Loamy,8.75,78.49,72.62,122.98,6.49,15.52,703.02,138543.05,920.44,25.35
Tomato,Loamy,1.82,120.19,78.91,85.97,5.6,21.26,327.59,42470.89,214.21,36.32
Cotton,Loamy,3.1,86.5,55.6,127.02,5.72,15.25,505.33,71382.22,321.51,7.65
Soybean,Clay,6.2,99.8,22.28,138.45,6.47,23.81,1078.38,36852.94,622.64,15.26
Rice,Sandy,1.36,112.52,14.78,128.01,6.53,36.06,1382.3,23372.05,136.6,6.51
Tomato,Peaty,5.1,52.39,47.79,36.87,7.95,34.47,1732.85,41241.53,287.25,93.69
Maize,Peaty,3.77,62.18,38.9,110.16,7.09,25.57,413.9,24724.29,300.6,14.17
Wheat,Clay,1.48,57.75,66.52,144.88,7.77,30.88,1081.95,9962.37,146.38,6.06
Wheat,Peaty,7.71,106.89,54.61,147.38,8.16,29.87,1339.76,46511.14,921.46,30.05
Barley,Loamy,2.22,88.15,74.08,19.58,7.44,21.84,1686.59,54104.26,176.32,7.18
Maize,Silt,8.52,58.29,68.02,20.0,7.09,20.29,480.85,55733.88,531.46,36.24
Soybean,Clay,7.39,27.84,32.07,87.83,7.77,22.33,1238.84,167790.37,392.15,16.69
Maize,Sandy,8.77,22.55,71.23,86.41,8.29,33.37,1796.9,105316.07,575.83,37.54
Sugarcane,Silt,6.46,124.84,78.89,118.72,6.46,24.69,1406.37,63162.73,837.32,327.89
Soybean,Clay,3.31,48.03,12.95,17.41,8.46,24.84,876.49,61634.26,114.1,5.7
Barley,Peaty,7.97,30.73,39.23,133.68,8.31,25.75,1220.12,66477.53,567.17,25.75
Soybean,Silt,8.46,47.67,68.14,31.25,5.16,23.83,355.1,204254.3,511.5,20.19
Sugarcane,Peaty,6.48,45.96,46.28,95.63,6.84,20.99,1072.87,96100.59,454.97,352.58
Wheat,Sandy,2.63,46.86,47.59,95.05,7.03,17.1,1616.19,27143.1,186.83,7.85
Groundnut,Sandy,9.58,123.46,66.67,103.46,6.93,17.0,912.68,119290.8,1144.0,27.61
Sugarcane,Clay,5.56,135.45,17.66,135.75,8.47,16.41,1624.36,85183.76,642.25,310.52
Wheat,Clay,5.67,123.74,61.37,85.37,8.04,20.64,536.01,46505.72,634.75,19.14
Groundnut,Peaty,6.96,94.23,62.69,36.41,8.08,35.05,343.87,149782.47,578.6,15.8
Sugarcane,Clay,8.27,119.86,45.52,15.86,6.0,29.19,1771.78,145864.07,685.6,356.92
Soybean,Peaty,7.91,32.84,63.27,88.07,8.37,22.86,1248.93,186962.12,538.96,15.55
Cotton,Silt,7.03,28.14,31.07,110.6,5.24,28.39,818.82,122536.32,419.83,11.44
Maize,Peaty,4.74,97.71,51.61,66.79,5.23,33.89,857.75,101248.29,424.09,18.82
Tomato,Clay,2.01,76.22,76.1,28.8,7.99,27.12,1538.88,22043.71,155.15,41.89
Cotton,Sandy,3.1,134.1,20.57,73.37,8.3,24.65,1257.79,40098.6,301.21,5.74
Wheat,Sandy,4.39,127.29,26.1,43.77,5.11,29.99,852.79,97811.08,382.76,14.12
Soybean,Silt,2.26,124.23,64.36,119.07,7.96,32.5,1239.33,17251.27,279.61,5.24
Barley,Sandy,2.26,75.45,10.09,95.77,7.13,20.69,1137.62,21512.1,159.44,5.9
Potato,Peaty,3.06,115.71,31.73,76.45,5.04,16.67,888.74,44605.65,285.62,50.69
Groundnut,Loamy,9.55,128.94,60.7,116.14,5.51,17.36,1156.36,51259.09,1180.31,29.1
Cotton,Loamy,5.82,21.17,32.85,84.89,5.31,23.06,349.8,38224.6,286.15,10.16
Maize,Clay,7.05,116.07,24.01,37.61,5.37,29.64,1359.71,39703.18,556.4,32.62
Tomato,Loamy,7.24,124.52,59.99,123.23,6.19,33.74,420.17,165679.58,891.65,175.07
Barley,Clay,5.07,24.89,21.48,74.21,7.54,28.65,1275.44,73928.27,219.47,13.58
Wheat,Silt,7.57,124.62,40.36,20.89,5.57,15.48,1279.89,88170.02,641.39,25.07
Wheat,Silt,2.4,101.63,15.05,19.14,5.9,25.64,1602.41,46819.17,149.91,7.93
Cotton,Peaty,3.79,64.52,79.14,20.41,8.03,28.31,957.92,73853.97,265.2,6.94
Maize,Clay,8.03,98.6,79.45,53.32,6.26,23.83,998.72,174478.25,779.82,34.2
Barley,Silt,9.14,41.56,26.63,146.14,5.63,34.65,1038.42,90852.16,687.69,30.53
Soybean,Loamy,6.79,31.43,55.65,57.14,6.4,34.73,313.55,113938.64,374.52,16.14
Cotton,Peaty,2.75,48.16,71.86,74.67,6.16,25.32,1304.09,21780.58,207.01,5.55
Soybean,Sandy,9.51,50.3,35.15,66.21,7.12,23.2,1100.27,196278.34,561.89,22.96
Soybean,Silt,8.71,86.98,47.79,19.62,8.45,17.83,646.7,52555.91,596.55,19.29
Wheat,Peaty,9.37,57.94,45.51,20.61,5.52,37.69,1747.68,47784.99,500.04,31.58
Maize,Peaty,8.75,74.57,46.09,80.99,7.33,18.21,344.96,97584.44,699.79,39.94
Barley,Silt,6.9,136.39,16.57,105.8,6.55,34.97,565.72,130037.29,735.04,25.3
Barley,Sandy,6.99,79.66,53.25,132.3,7.0,15.7,1696.42,131361.93,704.82,24.17
Wheat,Peaty,6.84,89.26,34.4,36.5,7.12,22.32,1599.66,169994.73,474.04,23.52
Sugarcane,Peaty,3.24,33.09,55.54,118.3,8.24,25.08,1652.06,73144.04,240.76,138.46
Rice,Loamy,3.62,95.63,52.69,91.06,6.33,27.62,1194.73,57601.71,348.23,14.61
Potato,Clay,6.08,40.21,54.98,117.51,6.75,27.47,1727.22,133351.61,470.08,115.4
Barley,Loamy,4.11,67.86,50.61,87.04,7.13,32.59,1519.48,79615.7,330.12,14.05
Sugarcane,Sandy,0.57,97.7,72.86,47.87,8.24,16.39,1701.65,6880.73,52.81,23.11
Cotton,Peaty,3.21,56.87,66.21,87.79,6.09,29.04,1374.23,33513.71,260.54,6.52
Groundnut,Sandy,1.67,123.13,65.98,39.92,6.03,33.25,577.84,39017.3,166.95,4.65
Potato,Loamy,4.05,83.18,17.86,15.35,7.23,26.85,1190.31,84508.64,215.94,60.23
Soybean,Clay,3.93,128.71,63.9,90.15,5.89,21.95,1397.94,86493.69,459.32,11.28
Groundnut,Clay,7.78,37.96,39.68,35.65,5.82,34.99,1009.34,122252.51,354.51,16.67
Sugarcane,Sandy,6.27,85.6,26.24,67.77,7.08,26.43,1781.68,48439.4,461.46,306.45
Wheat,Clay,4.57,106.11,58.47,148.82,5.45,17.39,1386.51,75679.71,553.13,16.41
Cotton,Peaty,8.99,43.02,32.64,45.6,6.24,16.6,1078.59,57137.31,433.96,18.04
Sugarcane,Clay,6.96,47.7,41.98,40.69,5.18,23.7,844.42,173402.1,367.9,282.33
Cotton,Silt,1.34,135.4,54.45,116.9,5.6,24.42,934.03,28794.94,167.31,2.64
Soybean,Silt,5.01,65.9,18.39,146.51,5.07,31.96,1452.9,49478.44,422.26,12.87
Cotton,Clay,7.99,123.76,52.59,83.42,5.56,16.45,476.47,76234.62,861.95,16.52
Groundnut,Peaty,3.79,48.69,45.68,126.41,5.98,36.67,1610.0,31212.19,305.25,11.56
Potato,Silt,8.59,45.02,75.14,30.71,7.86,23.75,1616.96,192049.43,530.6,136.51
Tomato,Silt,8.28,58.7,11.6,35.76,5.78,37.02,1159.56,195812.49,370.2,148.38
Potato,Loamy,9.27,78.45,52.44,118.25,5.61,26.56,897.99,73457.56,886.53,152.87
Soybean,Peaty,0.75,36.22,77.42,89.19,8.38,24.95,767.72,11269.74,56.51,1.68
Potato,Peaty,0.67,92.31,35.54,67.17,6.98,19.41,617.63,9814.78,53.79,11.71
Soybean,Loamy,4.59,40.48,15.22,120.66,5.93,19.09,1337.43,79655.95,286.89,11.29
Soybean,Loamy,2.71,46.5,22.16,103.52,7.97,31.66,1488.14,35491.81,171.2,6.36
Wheat,Sandy,4.43,119.3,61.35,118.86,5.04,24.57,1022.02,23873.22,531.44,15.25
Barley,Clay,2.3,94.27,32.65,127.63,7.2,19.57,396.93,13473.42,226.72,7.09
Rice,Silt,6.64,79.92,28.62,35.15,5.45,34.89,665.22,119708.51,411.23,24.78
Cotton,Peaty,4.86,114.2,72.45,143.97,7.75,22.25,1332.2,66900.27,628.87,10.53
Barley,Clay,0.87,128.21,42.3,101.02,7.31,35.59,1255.0,14946.92,96.31,2.45
Soybean,Peaty,1.93,108.49,45.86,106.83,5.15,16.95,1374.49,12410.59,201.6,4.29
Soybean,Loamy,9.59,108.5,34.73,55.03,6.22,32.82,1292.06,83442.34,811.53,21.44
Sugarcane,Peaty,6.77,111.72,28.55,17.83,5.29,37.26,743.17,138061.44,491.93,304.06
Maize,Clay,0.6,50.65,28.25,24.35,8.36,26.0,1643.72,6855.86,26.32,1.86
Soybean,Clay,6.22,89.89,62.37,124.59,7.3,17.95,807.4,146503.54,666.98,15.32
Groundnut,Sandy,5.73,66.64,21.46,51.96,8.25,30.55,1044.07,30085.44,329.19,15.35
Barley,Loamy,2.96,85.28,54.52,44.84,8.42,32.21,1136.72,25449.01,230.21,6.97
Potato,Sandy,3.06,84.75,60.96,29.57,7.4,17.11,1747.69,45169.74,231.32,42.38
Potato,Sandy,7.7,109.21,52.84,29.3,5.53,17.16,1165.76,173641.48,651.11,119.2
Soybean,Clay,5.8,117.41,61.92,134.0,5.97,19.46,1619.72,105302.45,717.47,15.6
Sugarcane,Sandy,2.29,62.65,64.87,89.82,5.02,32.5,352.97,45529.63,192.54,96.81
Maize,Peaty,4.0,59.23,20.42,56.26,8.07,37.92,852.46,55825.1,218.4,15.98
Soybean,Sandy,1.81,99.57,10.13,39.08,5.1,18.84,571.98,23075.08,118.62,3.82
Tomato,Silt,5.35,106.81,17.29,45.43,7.46,16.21,1029.9,90815.25,395.34,105.36
Wheat,Loamy,6.55,37.88,58.68,115.7,8.44,19.83,1537.7,100857.41,504.89,20.26
Tomato,Loamy,4.62,30.63,25.44,95.76,7.57,37.96,1699.67,82529.86,250.67,83.53
Cotton,Silt,7.96,34.2,38.69,128.37,6.34,28.15,1181.65,69200.69,566.13,15.94
Maize,Sandy,0.75,22.9,68.22,51.86,6.81,21.87,1711.02,7627.93,40.66,2.97
Wheat,Peaty,8.5,42.33,66.19,76.86,6.69,18.07,420.9,166217.78,600.81,28.81
Rice,Loamy,0.57,26.87,25.77,32.73,6.4,36.22,1008.09,2985.81,19.02,1.73
Barley,Silt,3.12,53.07,65.1,146.6,6.3,24.86,1567.18,32325.02,301.19,9.32
Cotton,Sandy,1.1,128.77,19.75,86.88,6.44,22.99,1649.75,5954.05,107.71,2.53
Cotton,Peaty,1.0,70.26,28.21,113.66,8.43,20.9,1281.26,8930.14,80.22,1.96
Wheat,Sandy,9.73,93.02,34.47,30.4,5.53,20.18,676.45,214269.05,675.73,31.03
Rice,Peaty,2.66,68.48,47.98,121.88,6.92,29.1,639.22,58364.64,239.42,10.54
Sugarcane,Clay,6.81,45.93,16.83,131.37,6.61,32.23,735.88,141230.88,470.61,290.74
Barley,Sandy,0.99,114.35,24.1,49.91,5.58,22.59,1435.13,15289.04,81.26,2.62
Sugarcane,Silt,8.77,48.66,41.59,147.97,7.7,15.62,397.81,125230.63,748.6,478.27
Rice,Clay,5.23,32.66,55.97,125.98,6.33,32.84,1746.71,47456.88,400.11,20.9
Soybean,Silt,8.03,89.31,54.42,122.72,6.39,36.05,1099.54,65534.82,829.23,23.33
Maize,Sandy,3.95,127.66,21.82,83.45,7.09,15.77,845.54,77617.51,385.45,19.7
Sugarcane,Silt,8.09,136.13,69.98,30.88,7.59,22.35,1782.62,118931.61,851.7,349.79
Maize,Silt,9.97,137.57,55.93,32.53,7.4,17.14,344.05,213996.04,1006.37,40.39
Sugarcane,Sandy,2.28,122.98,67.33,88.01,7.49,22.23,1006.75,48875.5,261.85,116.68
Sugarcane,Clay,8.28,125.58,46.78,47.99,5.4,17.01,1378.62,111010.84,794.31,442.58
Wheat,Clay,7.61,98.14,53.46,62.57,7.95,25.84,1768.66,134634.52,679.35,22.4
Maize,Clay,3.49,20.46,57.72,37.56,7.29,37.81,409.01,22841.4,155.68,12.58
Barley,Loamy,2.55,63.25,14.8,118.03,6.43,32.46,1655.41,24597.11,185.84,8.49
Maize,Sandy,9.12,100.49,49.23,29.98,6.56,25.59,1596.85,145282.39,719.72,38.12
Cotton,Loamy,0.9,108.79,74.27,52.81,8.0,21.72,1666.16,18055.94,89.87,2.0
Cotton,Peaty,9.65,107.2,31.33,126.97,5.99,35.07,468.87,183998.42,1005.42,21.85
Soybean,Loamy,2.8,21.49,42.81,55.67,7.09,21.84,749.88,55578.92,124.71,5.24
Cotton,Silt,8.6,100.14,51.53,135.46,5.65,16.82,659.27,179594.49,956.94,16.72
Wheat,Sandy,9.96,122.68,46.5,23.59,7.91,28.78,472.4,68473.38,866.43,36.0
Cotton,Sandy,8.38,125.48,50.02,84.86,6.51,22.29,951.89,171565.87,906.57,19.69
Barley,Silt,4.71,92.85,54.19,94.88,7.46,20.46,1068.55,33382.93,455.03,14.14
Wheat,Silt,9.53,92.08,62.05,83.35,7.22,16.63,681.59,116619.75,913.58,33.6
Barley,Sandy,1.83,53.22,78.01,59.73,6.69,19.51,1216.17,19425.44,138.61,5.03
Potato,Loamy,0.57,46.29,12.57,29.58,6.19,33.46,1158.07,8737.25,21.22,7.47
Groundnut,Loamy,8.26,54.15,67.27,86.77,8.08,28.22,344.5,152851.3,660.79,18.6
Rice,Silt,7.43,125.87,56.97,49.85,7.36,21.82,1377.64,179007.77,748.41,31.13
Groundnut,Sandy,0.52,106.11,68.07,20.48,8.05,20.9,1297.94,10923.41,44.94,1.4
Sugarcane,Sandy,6.17,85.95,73.02,69.57,6.12,32.25,919.01,110489.63,573.69,322.05
Wheat,Sandy,6.19,80.26,19.72,30.62,5.54,18.95,1256.82,122635.47,353.96,18.74
Wheat,Clay,0.61,70.64,30.65,80.61,7.02,16.01,484.5,9885.05,43.86,1.93
Tomato,Loamy,1.14,66.49,69.63,69.53,5.27,27.48,1592.61,19161.09,93.44,20.79
Wheat,Sandy,8.65,130.0,40.17,58.05,7.04,23.54,1201.61,165256.0,851.54,32.37
Tomato,Clay,2.09,71.66,19.98,135.16,6.21,18.55,338.17,37358.87,175.93,46.65
Rice,Loamy,6.93,92.69,35.52,44.42,8.46,25.44,1332.41,54151.31,512.18,23.45
Soybean,Sandy,5.55,36.29,16.95,43.2,8.24,24.53,893.15,62551.61,210.39,9.73
Sugarcane,Clay,9.05,33.94,76.91,57.39,8.11,28.87,1540.06,223375.89,587.85,364.58
Cotton,Loamy,4.16,60.85,47.9,35.81,6.94,27.46,1442.85,90210.89,251.1,7.73
Barley,Clay,2.96,43.35,14.04,61.23,5.95,37.23,1136.56,35402.78,135.32,8.03
Soybean,Peaty,4.72,95.15,44.22,69.24,8.48,35.25,1235.11,77323.26,405.95,11.24
Sugarcane,Peaty,1.91,122.31,59.76,137.44,5.46,28.64,1198.68,23002.11,240.69,102.37
Potato,Peaty,7.59,85.92,14.04,106.9,6.63,15.79,1754.41,181921.39,611.76,128.32
Cotton,Clay,5.17,82.69,49.39,74.57,7.12,36.13,843.4,100859.28,431.42,11.87
Maize,Silt,8.36,111.74,50.15,144.07,5.7,17.51,1580.94,115245.56,996.27,45.72
Soybean,Sandy,3.46,50.73,12.16,146.16,5.77,31.88,1443.89,81676.34,256.51,7.32
Wheat,Clay,1.78,55.93,35.11,123.6,5.98,19.85,1736.17,9200.69,140.55,7.11
Soybean,Clay,8.37,55.35,11.0,114.61,7.92,32.03,514.28,167983.03,556.31,20.6
Groundnut,Loamy,8.54,93.63,16.2,80.83,5.27,24.37,910.66,53950.8,661.95,21.13
Wheat,Silt,5.98,103.73,10.43,28.63,8.04,30.68,469.4,130653.3,386.57,16.37
Potato,Silt,1.88,105.21,56.68,43.5,8.02,24.23,738.77,15122.5,166.0,27.33
Potato,Peaty,6.04,121.07,48.43,44.6,5.12,19.94,924.18,121980.17,563.54,87.35
Tomato,Clay,6.07,94.97,15.02,107.15,5.85,31.42,1533.8,127860.25,519.48,128.23
Cotton,Peaty,9.21,106.48,38.1,36.41,8.09,33.95,1382.58,96063.97,731.27,16.82
Groundnut,Loamy,5.36,25.62,29.33,110.44,5.22,34.3,305.73,53217.06,308.9,14.31
Groundnut,Loamy,1.73,87.8,70.66,92.19,8.18,36.69,933.58,21759.43,173.12,5.4
Wheat,Peaty,1.6,25.08,49.52,140.57,7.95,30.54,508.67,16157.75,119.4,5.91
Sugarcane,Loamy,3.15,35.55,57.33,142.44,5.94,25.93,1251.51,78595.78,262.43,138.71
Potato,Silt,8.73,77.12,17.77,100.65,7.7,15.07,1588.44,76088.56,661.9,139.07
Cotton,Clay,2.51,98.88,43.06,133.82,5.76,30.59,1211.63,27417.14,268.52,5.02
Tomato,Silt,7.52,57.88,55.14,68.34,7.5,19.58,1635.32,80790.67,537.41,140.2
Groundnut,Loamy,1.56,81.9,28.73,127.79,5.05,23.72,806.02,8399.61,141.56,3.79
Barley,Sandy,5.18,68.51,47.17,95.34,5.03,25.67,1745.25,79705.79,423.52,15.83
Cotton,Silt,3.04,46.38,19.21,130.71,7.01,16.76,873.87,37544.62,212.98,5.59
Tomato,Peaty,3.75,108.68,25.63,101.65,7.0,28.07,1294.51,59832.91,356.31,89.85
Wheat,Loamy,5.7,119.57,52.43,54.3,5.72,18.5,1649.18,109381.53,552.81,22.49
Maize,Silt,5.0,27.17,57.01,93.6,8.47,20.5,1096.11,90047.23,322.17,20.39
Potato,Loamy,2.45,107.08,53.38,135.97,7.97,22.25,714.36,60285.03,283.11,43.71
Cotton,Silt,6.61,117.18,76.32,60.54,7.54,27.39,390.94,124207.42,708.78,14.98
Maize,Peaty,5.22,47.63,13.12,71.11,6.06,32.51,831.4,125290.19,263.29,23.52
Potato,Clay,5.7,41.64,42.1,90.72,8.02,26.07,1646.51,105286.43,369.47,75.89
Maize,Sandy,4.22,99.09,17.62,100.93,6.74,24.35,1729.53,65243.36,366.85,17.54
Sugarcane,Loamy,9.23,41.13,24.98,16.76,5.05,34.08,1398.18,111741.16,328.59,370.23
Sugarcane,Clay,9.69,67.14,69.8,119.37,6.08,20.34,987.35,199813.53,942.51,571.53
Maize,Peaty,5.24,21.45,10.63,63.2,8.24,20.26,1251.55,49468.91,177.82,17.25
Maize,Sandy,2.91,49.5,38.19,135.78,5.0,35.73,530.71,72205.28,235.11,14.17
Rice,Loamy,7.73,64.61,37.47,116.83,8.21,36.87,1165.68,93855.77,636.45,30.9
Cotton,Peaty,5.86,63.03,55.96,47.45,5.67,36.12,452.71,88578.66,399.19,10.29
Groundnut,Peaty,0.84,41.03,70.67,53.13,8.33,28.38,954.92,13981.66,54.51,2.05
Barley,Sandy,3.18,62.37,72.59,142.77,8.12,24.65,1470.55,46248.88,328.08,10.0
Cotton,Peaty,6.12,42.34,33.21,130.43,5.72,16.64,403.51,145650.52,450.0,12.48
Wheat,Sandy,8.44,59.86,58.55,119.1,7.29,18.49,1613.82,133204.63,751.89,27.94
Tomato,Peaty,0.86,35.34,63.59,15.0,6.46,27.02,381.95,20961.73,40.8,14.46
Potato,Peaty,3.39,47.65,10.1,113.46,8.38,20.16,1294.57,67200.06,209.7,54.6
Tomato,Clay,3.38,59.04,59.88,125.27,5.64,23.53,1652.91,71386.91,307.55,82.65
Soybean,Peaty,5.65,37.95,36.65,70.95,7.64,15.48,703.53,86791.72,310.5,11.53
Barley,Loamy,3.94,133.91,54.25,32.54,6.96,32.96,1362.73,33228.95,387.39,13.92
Soybean,Clay,7.12,105.72,42.32,139.33,7.43,31.77,1592.54,74664.37,794.9,21.03
Groundnut,Peaty,2.53,99.82,21.01,31.05,7.68,30.43,952.99,40400.9,170.91,5.85
Barley,Silt,7.97,108.13,36.9,18.4,7.94,15.26,1355.55,194483.45,592.48,21.19
Cotton,Sandy,5.26,104.74,47.4,88.0,6.5,22.1,1023.4,38767.86,514.1,13.29
Wheat,Sandy,4.27,35.81,70.57,36.23,6.08,21.67,1607.12,78748.27,243.24,14.62
Tomato,Sandy,8.58,137.83,53.96,48.41,5.57,19.3,329.69,109959.79,901.25,164.88
Rice,Loamy,4.59,125.36,52.39,48.36,6.25,16.93,800.19,85150.71,450.48,16.06
Tomato,Silt,9.83,114.18,61.34,30.69,7.73,33.06,1201.65,243841.99,892.86,185.16
Barley,Loamy,9.81,28.1,46.31,39.21,8.4,17.61,905.4,193892.25,435.11,25.45
Groundnut,Loamy,3.79,67.71,28.5,42.72,6.69,21.18,731.19,68768.01,220.21,10.95
Tomato,Sandy,1.22,134.17,30.81,27.43,7.1,29.34,1272.76,12604.37,106.75,20.98
Wheat,Sandy,6.92,104.8,52.7,57.24,5.95,28.75,1599.14,165681.79,627.51,21.21
Barley,Peaty,9.47,108.38,71.81,42.36,7.06,31.13,1320.17,124719.67,906.02,25.03
Cotton,Loamy,5.65,132.76,25.43,112.97,7.16,32.01,622.0,103374.35,623.89,12.63
Potato,Clay,1.38,109.81,74.02,73.59,5.91,24.99,1385.17,7149.59,147.09,24.99
Rice,Sandy,6.56,49.04,59.98,27.34,5.7,35.18,1408.08,34593.07,371.95,20.74
Groundnut,Peaty,1.23,129.34,34.84,72.34,5.75,28.73,1192.2,15341.96,123.67,3.32
Maize,Sandy,5.19,54.0,65.07,68.66,6.8,20.83,1781.49,56188.41,381.98,24.32
Rice,Loamy,2.46,115.97,33.35,131.8,8.2,34.78,352.51,51019.38,272.62,9.58
Barley,Sandy,6.56,120.04,44.96,87.23,5.51,33.03,929.08,98418.99,683.42,22.4
Barley,Loamy,2.41,90.83,38.53,78.39,5.1,19.83,721.56,46423.11,203.3,5.96
Groundnut,Loamy,9.28,33.43,46.15,121.18,8.3,32.18,1380.85,199758.63,663.64,23.29
Cotton,Peaty,0.58,130.95,41.03,89.71,5.89,32.08,414.95,12925.17,62.63,1.4
Tomato,Peaty,3.6,62.53,45.39,142.05,8.07,17.36,889.1,57907.87,331.71,74.81
Potato,Loamy,8.66,101.23,68.65,130.93,7.62,25.1,1215.82,71065.11,1016.17,165.29
Cotton,Peaty,2.07,20.24,60.31,113.87,6.8,18.71,425.33,11143.03,141.62,3.82
Barley,Sandy,2.79,62.51,17.37,45.02,6.82,28.98,668.03,17199.77,144.51,7.31
Wheat,Silt,5.93,138.35,39.03,116.77,8.05,30.62,917.8,119089.87,710.91,19.8
Maize,Sandy,5.69,89.05,11.55,142.59,7.44,26.4,1699.69,78467.45,523.36,29.53
Rice,Peaty,4.22,127.48,24.3,83.55,6.47,15.42,1489.14,26944.47,416.05,17.23
Sugarcane,Sandy,7.04,50.39,10.7,112.66,6.87,34.23,1532.08,153984.07,445.58,324.44
Wheat,Loamy,5.55,81.27,67.44,69.62,6.7,15.31,914.61,99652.68,491.15,16.87
Maize,Silt,2.23,109.17,69.35,88.65,8.44,25.36,1070.05,55179.18,242.5,9.08
Barley,Peaty,4.74,28.4,61.05,97.14,7.47,23.61,854.22,28000.26,321.23,13.01
Maize,Loamy,4.05,95.84,16.68,29.0,5.17,28.36,939.11,64573.44,256.05,15.6
Tomato,Clay,7.71,21.76,24.51,111.29,6.35,30.24,820.44,98750.21,416.62,135.44
Tomato,Sandy,4.62,112.92,69.68,88.12,7.65,22.06,922.46,88865.33,511.2,97.12
Soybean,Sandy,2.26,91.97,70.31,132.27,7.54,32.15,1136.89,37744.38,257.28,5.46
Wheat,Clay,4.78,135.02,40.18,89.16,6.87,29.65,1422.35,45436.56,527.63,18.1
Sugarcane,Clay,3.15,98.57,67.66,23.52,7.72,33.9,992.28,77583.48,262.34,154.88
Barley,Peaty,7.6,38.07,25.21,77.64,5.92,24.55,1632.7,163393.66,398.55,21.64
Maize,Loamy,9.03,126.57,32.77,136.63,8.49,33.98,1567.31,90123.3,1060.01,42.39
Potato,Sandy,9.99,59.2,62.37,123.9,8.0,37.95,662.24,58009.07,916.21,160.89
Rice,Sandy,0.71,63.25,64.86,91.43,6.09,30.05,648.03,3770.32,60.61,3.04
Maize,Loamy,7.74,24.67,68.6,98.64,6.97,29.37,1596.65,129589.16,537.03,34.29
Wheat,Sandy,6.92,36.61,50.52,91.88,8.04,23.72,857.23,120259.58,457.47,22.56
Sugarcane,Sandy,4.71,79.3,70.27,77.26,8.29,26.59,1723.8,101982.49,428.22,209.14
Potato,Clay,1.55,131.01,54.22,22.34,7.25,37.41,404.7,24874.53,145.12,27.13
Tomato,Silt,4.43,44.5,12.96,93.26,6.59,36.82,390.91,82901.49,245.56,73.86
Soybean,Silt,9.63,84.31,44.19,69.25,5.54,28.17,715.52,225564.34,776.18,23.6
Soybean,Silt,3.87,26.24,12.22,72.15,5.3,28.96,1621.46,87728.04,153.53,8.38
Tomato,Peaty,9.77,102.01,36.28,123.01,8.1,17.88,600.83,91135.97,1001.06,217.19
Tomato,Loamy,4.92,121.69,14.37,60.26,5.23,37.43,1525.46,108437.53,416.37,108.87
Wheat,Sandy,8.0,69.95,21.77,79.12,5.19,36.67,412.23,110144.67,539.29,25.3
Sugarcane,Loamy,9.69,72.77,29.49,122.77,6.14,21.89,648.76,73610.14,824.06,447.86
Rice,Silt,6.9,27.51,24.74,124.22,5.51,22.88,1596.99,55903.54,420.48,21.75
Maize,Sandy,5.85,116.46,19.6,93.39,6.77,18.31,1236.0,61290.85,550.63,26.86
Rice,Loamy,4.87,56.78,67.57,22.69,6.47,25.54,1387.51,80220.47,302.78,18.48
Soybean,Loamy,8.69,57.67,47.66,128.41,8.46,35.46,857.2,77378.21,751.08,20.64
Groundnut,Silt,5.09,120.59,35.3,131.07,6.42,22.55,980.98,103071.52,578.94,14.17
Rice,Loamy,2.17,88.13,50.55,81.1,7.26,20.29,1128.99,26967.11,192.04,8.81
Potato,Silt,2.07,122.51,44.35,69.89,8.16,28.89,1164.92,33488.92,206.96,32.27
Potato,Sandy,9.42,127.28,33.62,113.48,7.01,22.77,1782.78,51851.98,1046.81,157.97
Sugarcane,Clay,5.46,90.67,62.62,99.17,7.1,16.23,864.8,52626.54,546.59,259.24
Rice,Peaty,1.39,78.34,74.45,20.41,6.02,19.77,657.22,32224.8,104.41,5.07
Rice,Silt,7.73,38.54,44.11,73.05,7.09,37.99,1454.17,100101.32,454.47,30.24
Sugarcane,Peaty,0.93,97.59,25.87,105.45,6.64,32.79,485.1,16331.12,84.59,44.08
Groundnut,Silt,9.32,139.57,65.72,116.75,5.75,22.73,998.52,190750.93,1221.79,33.17
Soybean,Sandy,2.15,65.57,66.1,67.93,7.63,17.89,1459.16,20920.72,171.01,5.38
Sugarcane,Clay,3.52,109.93,40.18,26.82,5.99,24.63,738.77,41004.4,278.49,152.55
Soybean,Sandy,6.55,91.68,55.74,40.96,6.03,29.25,1199.44,99115.57,526.95,15.15
Rice,Sandy,3.73,74.67,57.47,88.31,6.21,25.02,1491.72,39375.38,323.64,13.23
Soybean,Sandy,8.57,30.68,79.42,88.04,8.45,36.6,979.22,76876.53,630.09,17.49
Soybean,Silt,3.09,60.97,41.41,138.29,5.66,15.12,390.14,71434.42,273.85,8.25
Soybean,Clay,2.18,55.31,18.04,142.11,7.74,25.63,1597.44,21809.63,169.21,5.62
Tomato,Clay,9.01,129.1,31.97,108.29,5.95,19.38,576.95,106672.3,989.3,197.95
Rice,Silt,1.64,108.19,47.2,53.87,6.72,21.9,1194.12,22415.93,146.09,5.79
Groundnut,Clay,5.69,128.29,34.08,113.96,7.31,36.43,1531.47,92988.62,637.47,17.77
Wheat,Clay,5.83,133.12,15.79,49.28,7.73,17.27,413.49,71250.79,510.67,16.75
Potato,Peaty,2.65,127.48,64.85,109.46,7.16,34.86,634.59,59516.12,324.63,53.59
Soybean,Peaty,2.84,70.83,65.55,19.29,7.74,20.52,516.46,20766.86,191.43,5.4
Rice,Peaty,6.33,50.34,50.43,63.49,7.88,33.88,1016.03,76096.36,407.78,21.02
Rice,Loamy,5.79,38.72,68.42,63.38,8.2,28.01,574.01,45150.23,380.95,20.37
Rice,Peaty,2.44,22.01,57.54,25.34,6.47,28.84,1705.66,27419.81,101.58,7.64
Maize,Clay,3.66,131.37,69.14,45.24,5.84,26.78,1460.36,21494.6,390.77,17.84
Wheat,Sandy,2.7,101.76,75.81,21.32,6.12,25.08,1648.89,65439.35,236.44,9.1
Cotton,Peaty,5.55,84.53,29.47,44.29,6.01,27.8,343.73,128472.68,373.79,9.59
Barley,Silt,5.42,105.21,16.7,57.89,8.39,21.03,769.58,117855.18,415.74,12.71
Wheat,Clay,3.51,54.28,16.4,57.5,5.15,32.96,897.34,48678.38,178.71,11.49
Tomato,Peaty,0.58,133.18,26.6,29.53,7.69,26.51,950.66,5759.88,49.64,11.37
Groundnut,Peaty,9.07,45.82,71.9,90.52,7.9,31.4,1345.04,104129.34,714.6,21.98
Wheat,Peaty,8.64,118.45,40.84,32.87,6.34,29.24,981.6,178085.13,738.35,34.1
Tomato,Loamy,4.59,56.54,23.87,23.87,8.1,24.66,1045.34,107226.74,206.64,82.95
Maize,Peaty,5.87,73.07,65.8,112.77,7.42,22.83,1507.45,35509.75,567.71,24.2
Maize,Clay,2.72,22.84,68.45,146.58,5.47,20.32,1602.61,64028.38,225.25,11.9
Potato,Sandy,0.87,88.87,37.5,18.87,7.04,15.26,1481.06,9728.92,56.91,11.35
Cotton,Clay,1.09,84.24,49.63,116.45,5.46,26.8,591.67,7467.36,105.43,2.26
Rice,Peaty,3.52,51.13,16.13,27.14,5.68,16.16,1239.69,37793.07,141.22,10.48
Barley,Peaty,8.77,111.09,60.93,80.39,7.43,27.71,624.38,80445.77,912.48,26.0
Tomato,Silt,5.7,108.07,34.26,70.04,5.44,18.94,1541.03,95178.97,505.92,109.74
Maize,Peaty,2.84,137.12,34.14,60.54,6.09,17.81,466.71,51047.2,285.27,14.51
Groundnut,Silt,6.89,118.92,37.79,36.1,7.58,23.29,1306.91,71790.29,588.83,15.8
Barley,Loamy,1.98,138.61,78.41,122.17,7.31,28.29,1599.15,21404.04,272.43,6.96
Maize,Sandy,4.41,71.3,33.12,91.17,7.98,19.64,1701.65,82758.22,335.97,19.93
Tomato,Peaty,7.91,21.94,67.29,20.42,8.11,37.82,741.1,72780.13,347.94,143.49
Maize,Clay,8.72,32.34,18.82,147.19,7.36,34.48,786.49,161631.44,591.87,38.37
Maize,Loamy,6.98,89.04,40.03,52.25,7.69,20.2,1338.53,67512.49,532.26,29.72
Groundnut,Clay,2.89,98.05,24.86,31.47,7.45,17.61,1795.36,25012.47,197.39,7.39
Soybean,Loamy,4.92,21.64,15.71,49.91,5.1,29.52,939.6,78548.68,157.85,8.73
Maize,Loamy,9.67,26.05,72.33,92.88,6.97,26.51,404.09,65734.74,675.18,43.03
Maize,Clay,4.36,37.19,60.03,54.6,6.84,31.05,1650.4,90933.48,257.35,18.84
Cotton,Silt,9.49,55.5,10.08,51.71,5.76,30.22,1250.57,160026.29,448.65,14.46
Potato,Silt,3.57,99.81,48.96,61.27,5.47,17.17,1547.28,83506.28,314.0,60.36
Cotton,Sandy,3.34,126.94,10.95,58.57,6.94,18.41,438.15,71127.16,285.18,7.63
Cotton,Sandy,9.04,86.37,66.86,66.85,7.33,37.74,638.59,115674.48,813.32,18.6
Tomato,Sandy,8.38,137.22,38.33,26.83,5.23,35.5,995.72,95563.57,771.09,164.25
Rice,Loamy,5.15,123.15,51.46,108.78,6.28,31.99,1299.93,38034.14,590.7,22.81
Cotton,Loamy,8.14,71.11,79.63,27.49,7.73,30.5,1451.25,90753.68,615.74,15.5
Potato,Sandy,2.36,35.07,77.44,29.59,6.67,28.47,1112.06,15889.85,135.68,31.32
Tomato,Sandy,6.06,85.32,26.36,101.1,7.87,15.96,1047.19,113902.34,506.48,111.79
Potato,Loamy,6.33,127.75,66.69,93.72,7.56,23.39,1261.45,90662.29,751.13,102.86
Barley,Silt,3.91,129.36,11.47,57.63,5.2,32.63,1353.16,45425.76,338.16,11.82
Rice,Clay,4.42,132.17,27.56,31.26,7.05,37.29,866.76,27563.19,381.98,15.82
Cotton,Sandy,6.75,139.73,41.62,62.89,6.4,17.65,1624.91,89777.67,711.52,14.49
Sugarcane,Silt,4.27,74.65,39.05,113.62,5.47,19.55,570.78,43775.3,371.69,207.85
Maize,Sandy,3.71,35.22,37.42,36.96,7.57,19.8,387.85,59564.48,162.08,14.1
Groundnut,Peaty,5.98,61.46,66.21,87.94,5.28,28.01,1662.03,77316.12,500.01,15.09
Wheat,Sandy,4.61,91.48,15.64,141.84,7.64,28.49,1542.66,30452.0,436.0,16.17
Cotton,Clay,3.42,43.42,57.49,58.62,8.46,22.49,891.2,58303.83,212.81,6.65
Wheat,Peaty,4.52,139.48,10.73,135.83,5.52,33.08,1226.9,53446.56,518.27,18.77
Tomato,Peaty,3.16,35.86,40.79,101.93,6.33,16.26,1199.19,72905.18,205.06,61.62
Sugarcane,Clay,4.7,25.8,67.43,126.56,7.06,23.12,1499.68,75712.76,366.21,252.96
Potato,Clay,7.95,91.83,38.99,144.32,6.89,28.92,630.73,139260.91,833.41,148.13
Potato,Peaty,6.24,111.64,46.64,45.61,7.33,16.84,962.75,51599.86,550.25,91.48
Wheat,Silt,4.28,81.4,43.83,66.68,7.94,18.34,1058.55,26704.74,334.78,11.97
Tomato,Peaty,9.95,44.22,28.07,30.33,8.21,32.89,1533.51,229366.08,422.17,165.69
Rice,Clay,9.49,121.06,30.76,25.42,5.59,17.92,484.93,145822.64,763.31,31.73
Groundnut,Sandy,7.06,107.45,13.29,140.29,5.32,21.58,1308.58,59301.97,714.16,17.53
Soybean,Sandy,7.78,69.64,55.71,93.25,5.08,37.74,362.14,189410.46,661.63,18.97
Soybean,Peaty,2.75,31.64,22.53,122.66,7.37,27.58,1012.63,64502.13,169.53,5.59
Maize,Loamy,6.65,121.25,32.74,107.78,8.37,31.8,1034.81,117150.4,705.38,31.51
Potato,Sandy,3.67,107.7,39.4,93.08,7.91,33.5,1599.63,22755.83,358.43,64.16
Maize,Sandy,4.87,101.09,53.3,91.75,5.21,29.55,1453.38,121089.54,483.71,18.55
Tomato,Peaty,4.62,35.31,38.64,62.84,6.06,31.81,1351.09,77584.12,240.24,97.75
Maize,Loamy,6.73,43.86,32.05,45.32,5.24,34.03,681.81,97335.14,325.42,21.64
Potato,Sandy,7.1,88.09,65.74,114.23,7.14,26.23,499.77,72630.3,742.92,123.68
Rice,Silt,5.38,54.58,10.45,81.99,6.0,31.9,335.92,89831.22,301.67,21.52
Tomato,Peaty,4.98,30.97,53.8,89.32,6.43,26.99,1644.86,44456.89,317.77,85.98
Maize,Loamy,3.5,95.24,66.59,97.57,6.04,20.88,791.13,29046.14,362.62,15.04
Soybean,Clay,3.41,86.62,51.16,72.58,7.15,16.88,431.68,28776.76,291.79,8.48
Cotton,Clay,3.19,68.04,66.83,16.87,7.27,30.38,1497.98,75488.07,210.02,5.13
Wheat,Loamy,8.92,75.02,49.52,104.51,7.38,36.43,1795.42,173049.46,790.83,29.1
Soybean,Sandy,0.97,47.73,72.82,49.59,5.77,18.18,1588.67,14515.11,65.67,2.37
Barley,Silt,7.7,111.2,31.88,70.44,5.73,37.46,1268.4,182452.55,689.16,21.88
Wheat,Peaty,7.78,103.0,77.59,68.13,5.46,30.45,1393.96,128307.76,800.71,25.16
Potato,Sandy,3.47,71.3,55.17,115.6,5.81,24.32,703.74,31097.37,320.22,64.67
Soybean,Loamy,4.02,110.15,72.79,129.23,5.64,36.99,865.01,47342.02,493.96,9.76
Potato,Sandy,2.86,58.03,66.62,133.19,6.06,34.75,1585.85,58060.93,273.58,45.5
Soybean,Clay,9.48,101.9,33.21,82.58,7.26,26.74,479.93,106541.81,843.62,25.69
Potato,Peaty,1.8,134.29,33.02,104.41,7.63,33.67,1718.62,20314.08,201.5,34.92
Groundnut,Peaty,7.2,109.04,57.44,49.06,8.06,18.88,380.45,139274.1,663.74,18.86
Potato,Silt,2.35,118.47,57.37,100.87,6.41,28.29,761.81,34150.52,264.02,47.4
Wheat,Silt,9.37,68.27,42.82,110.26,8.23,18.27,756.36,72958.3,790.39,31.92
Potato,Clay,0.95,135.37,57.54,100.24,5.95,20.72,1713.09,10399.29,114.54,19.0
Cotton,Loamy,2.6,26.74,27.89,86.22,5.6,18.85,993.89,14754.94,131.25,4.24
Groundnut,Sandy,2.87,28.8,56.42,95.37,6.45,24.71,1477.6,25626.18,188.53,8.56
Barley,Loamy,1.8,53.22,13.22,140.66,7.31,32.17,767.36,39551.7,133.75,5.0
Wheat,Loamy,5.92,77.44,70.35,29.23,6.94,26.8,722.09,126999.72,447.89,21.1
Rice,Clay,7.37,47.82,59.39,56.54,5.85,16.68,1416.04,141583.38,476.08,24.38
Tomato,Silt,9.22,32.96,26.28,116.29,5.96,29.37,421.75,129478.95,570.51,194.84
Tomato,Peaty,5.33,123.37,70.62,16.34,7.72,25.6,1783.26,78228.44,505.91,122.32
Soybean,Clay,5.61,139.06,70.03,28.14,7.47,22.95,310.47,73382.68,595.06,13.05
Wheat,Silt,8.36,20.07,31.55,47.56,5.82,16.57,580.69,134711.65,308.72,22.68
Wheat,Peaty,8.82,128.64,44.51,59.57,5.37,36.93,390.34,96617.52,882.04,28.65
Tomato,Loamy,8.52,129.9,60.26,53.29,6.14,15.48,1441.33,49888.63,895.02,207.06
Potato,Peaty,2.13,77.18,61.65,33.77,6.54,26.11,618.43,15593.45,156.51,37.83
Rice,Loamy,8.13,137.7,52.41,83.0,8.07,36.91,1431.81,113057.31,932.43,33.32
Maize,Clay,2.35,73.66,68.09,103.39,6.44,30.26,477.33,30563.04,223.03,12.13
Potato,Peaty,2.27,134.1,24.69,50.22,8.39,31.9,1349.39,49998.62,208.52,30.89
Sugarcane,Peaty,5.29,119.5,45.57,98.73,6.67,26.0,1451.95,92865.2,568.65,291.34
Rice,Loamy,5.55,109.49,67.82,109.04,8.23,33.87,1142.8,102193.89,635.41,25.15
Barley,Clay,6.17,117.73,36.75,32.86,5.69,20.46,749.85,110107.29,514.4,18.43
Groundnut,Sandy,7.27,43.18,42.99,78.79,6.32,26.9,919.66,65337.74,453.84,18.66
Barley,Loamy,8.61,107.03,35.23,26.75,5.71,27.55,610.59,136717.7,651.19,22.38
Groundnut,Clay,4.27,49.47,66.86,61.28,5.39,28.12,1172.35,82463.71,298.6,10.09
Maize,Peaty,5.76,84.15,23.68,37.44,8.21,22.54,858.12,116390.98,361.79,20.71
Maize,Sandy,7.51,91.69,71.66,21.7,5.9,25.7,640.47,149290.8,608.48,35.96
Groundnut,Clay,3.75,135.39,41.14,81.02,6.23,35.92,1153.43,75918.35,406.74,12.26
Wheat,Sandy,8.06,119.95,79.0,121.82,7.1,22.8,1116.89,46948.46,1033.31,34.45
Rice,Loamy,0.69,27.5,37.12,93.76,6.62,29.24,1020.44,12585.54,39.15,2.32
Barley,Clay,6.17,78.16,11.88,66.37,5.37,27.22,893.67,106446.01,393.05,18.34
Rice,Silt,9.64,84.28,53.28,106.89,7.33,26.75,943.15,58568.98,920.79,32.99
Tomato,Peaty,6.8,120.69,48.55,35.67,7.55,28.81,1396.88,138715.15,615.31,155.73
Wheat,Clay,9.4,81.88,44.81,39.09,5.38,34.37,1221.2,108242.16,663.46,26.8
Wheat,Silt,8.76,30.58,64.38,129.42,5.64,24.9,548.25,167629.03,699.74,30.69
Wheat,Peaty,3.22,82.17,62.36,127.93,7.47,36.36,1408.12,35840.35,336.35,11.01
Barley,Silt,2.33,31.13,47.26,125.92,5.35,33.21,1517.36,34157.22,168.49,5.91
Barley,Peaty,7.22,105.41,72.88,93.66,5.43,17.79,1381.7,62643.27,793.97,22.02
Groundnut,Silt,5.15,83.44,33.41,85.11,5.69,33.52,578.67,34521.4,415.41,13.62
Potato,Clay,3.13,86.98,34.29,140.94,8.23,26.55,791.83,61777.99,311.31,45.02
Potato,Silt,8.6,24.91,13.48,99.18,5.22,22.47,1309.13,100963.13,409.16,111.29
Groundnut,Loamy,4.58,28.99,17.43,128.06,5.84,19.48,1057.37,93254.49,274.08,10.37
Barley,Loamy,1.63,24.38,13.69,127.61,5.41,16.04,956.85,35718.87,91.34,4.2
Rice,Peaty,0.88,73.89,50.43,92.07,6.16,22.26,459.94,10846.57,74.51,3.05
Cotton,Loamy,9.68,136.41,70.55,96.11,7.45,21.56,1246.16,136608.19,1212.45,22.09
Tomato,Sandy,3.18,58.16,74.72,22.59,6.7,35.99,1215.54,50623.21,208.97,57.23
Wheat,Clay,5.4,32.28,62.62,137.34,7.6,27.26,1591.0,101964.24,444.55,15.92
Tomato,Clay,8.58,61.5,12.47,115.73,7.81,18.69,1106.01,75875.29,604.81,176.92
Groundnut,Peaty,3.5,121.4,43.34,105.42,6.41,21.85,1238.22,28372.77,384.25,10.34
Cotton,Sandy,7.11,133.31,79.69,75.79,5.88,25.19,1570.9,64844.48,862.19,18.52
Cotton,Peaty,3.52,21.05,36.75,55.74,5.13,26.62,904.55,62274.45,147.67,6.26
Wheat,Peaty,9.78,42.43,41.17,80.9,7.85,17.28,942.97,171855.63,605.97,27.72
Groundnut,Peaty,9.33,44.58,65.86,114.7,5.22,23.91,724.15,103460.52,774.74,29.0
Maize,Silt,9.78,65.26,66.13,73.66,8.04,19.16,1721.53,91671.75,793.79,38.59
Groundnut,Silt,5.15,36.0,26.98,54.38,8.24,20.3,733.87,63764.48,232.19,12.18
Rice,Sandy,1.05,90.0,71.9,35.49,7.09,30.29,929.0,19882.17,88.22,3.85
Tomato,Clay,9.37,35.73,65.82,83.57,7.63,22.15,1071.73,207482.72,649.18,179.99
Barley,Loamy,8.08,123.72,41.98,79.14,6.35,37.23,1345.75,53843.15,827.28,29.14
Tomato,Silt,1.15,85.97,39.2,133.5,5.71,34.01,1136.53,7025.3,113.83,28.78
Sugarcane,Peaty,3.26,76.33,70.05,56.16,5.67,17.97,746.79,67227.74,270.96,152.55
Tomato,Loamy,2.08,59.93,75.79,61.31,8.46,26.16,568.75,47443.07,163.54,38.75
Potato,Sandy,9.85,26.02,16.77,112.26,5.99,19.24,359.04,53528.03,525.7,163.22
Groundnut,Silt,6.26,71.4,11.9,120.77,5.04,32.52,1639.96,85437.2,479.79,16.5
Barley,Silt,4.2,126.49,72.58,60.34,7.15,36.32,1743.09,63714.34,463.3,13.38
Potato,Loamy,9.61,37.14,50.59,53.14,5.98,24.31,1798.19,58610.15,526.08,147.32
Groundnut,Sandy,7.44,62.93,14.47,25.04,5.4,35.0,1008.34,143180.92,332.83,16.39
Sugarcane,Peaty,3.8,115.3,53.77,141.58,7.38,28.11,1215.29,90580.3,462.0,223.88
Maize,Silt,7.61,45.58,70.7,144.04,5.83,35.3,445.47,46544.69,717.73,31.82
Cotton,Peaty,2.66,85.25,58.65,84.55,8.47,29.06,856.46,54357.64,243.17,4.72
Rice,Loamy,3.8,71.82,64.72,80.36,7.78,28.26,813.1,80475.92,326.11,13.15
Rice,Peaty,5.29,51.3,10.64,102.52,6.79,25.25,1750.45,86928.5,321.07,21.53
Tomato,Loamy,5.91,124.16,50.82,111.93,6.3,17.13,986.85,76144.74,685.18,153.28
Soybean,Sandy,9.6,49.72,34.36,135.9,8.38,25.2,781.5,149045.94,762.17,23.81
Tomato,Silt,2.69,32.77,67.52,33.76,7.62,16.1,1722.78,51672.59,143.87,41.14
Tomato,Clay,7.9,82.7,54.87,121.15,6.42,15.06,1574.92,99730.76,787.59,178.96
Maize,Clay,6.16,108.75,24.77,128.62,5.11,34.41,990.49,57638.21,634.01,24.9
Barley,Sandy,1.19,43.89,34.35,98.73,6.91,17.89,734.59,11635.45,77.73,3.17
Sugarcane,Clay,0.57,81.1,19.75,131.94,8.05,24.62,966.59,6309.89,50.2,28.74
Wheat,Silt,4.61,30.98,62.26,16.7,7.26,19.21,648.61,81587.87,209.14,15.52
Cotton,Clay,3.63,103.21,63.64,56.05,7.84,21.76,969.49,70914.02,340.68,7.77
Tomato,Peaty,2.64,99.48,52.68,138.54,5.55,32.29,1152.4,27692.18,296.55,59.16
Sugarcane,Clay,6.0,126.68,49.85,100.28,6.82,16.18,649.29,89091.81,680.59,303.01
Groundnut,Silt,3.57,50.97,42.48,32.99,8.25,34.96,1361.43,25410.11,186.81,8.83
Maize,Silt,1.58,97.27,68.4,92.94,7.26,25.54,1093.06,9001.53,164.41,7.7
Sugarcane,Peaty,4.63,55.12,48.18,33.01,7.42,33.29,545.03,32828.09,262.83,175.91
Maize,Peaty,4.94,32.81,55.47,132.18,7.9,29.4,412.92,35797.43,386.45,18.32
Tomato,Clay,9.04,36.02,37.07,125.85,8.39,25.44,1060.5,148721.35,638.5,193.96
Potato,Peaty,2.12,72.41,42.48,121.53,7.11,30.05,1797.3,13782.92,190.13,33.32
Tomato,Clay,1.12,118.62,55.24,102.39,5.45,29.95,1773.72,26027.74,125.59,24.26
Wheat,Sandy,1.42,27.71,51.49,126.38,8.0,25.66,1476.41,34031.45,102.88,4.33
Cotton,Peaty,1.13,136.71,35.2,79.51,6.24,30.7,1293.35,21768.51,119.84,2.33
Soybean,Peaty,1.69,98.66,12.79,95.69,8.04,35.49,973.56,23972.86,140.52,3.47
Potato,Sandy,8.3,49.36,39.49,128.24,8.07,20.59,1125.86,73471.25,655.43,115.94
Wheat,Peaty,7.72,25.85,69.06,74.14,6.2,27.57,437.03,155432.9,484.77,26.07
Cotton,Silt,2.3,68.14,76.35,68.54,5.44,27.09,464.24,20828.65,195.86,5.35
Groundnut,Loamy,3.2,139.37,77.66,74.5,5.91,34.28,1373.43,59937.17,393.74,10.99
Barley,Silt,3.2,103.26,31.41,117.5,7.17,16.78,1069.25,37924.75,317.83,9.7
Potato,Peaty,3.56,113.23,14.96,104.15,7.83,30.48,1045.84,85511.93,334.27,54.93
Rice,Loamy,4.6,23.96,76.78,43.34,7.76,32.82,626.59,80220.78,256.4,13.45
Rice,Clay,7.71,80.07,73.82,34.79,7.26,20.36,535.14,143940.04,616.86,29.41
Barley,Sandy,9.16,131.36,21.58,15.31,8.44,35.84,383.17,198422.98,722.83,24.01
Tomato,Loamy,9.01,32.42,55.96,137.44,5.59,37.27,979.33,215473.83,719.24,197.21
Rice,Silt,2.29,56.45,16.51,34.42,5.37,24.73,1493.37,17916.55,103.35,6.53
Cotton,Peaty,1.43,40.02,74.66,125.9,6.24,30.08,1105.91,26465.6,125.1,3.3
Tomato,Peaty,0.87,74.67,72.37,91.88,7.91,37.81,545.42,16397.5,81.7,18.87
Rice,Sandy,2.65,35.82,72.09,52.13,5.78,34.71,1525.66,37007.26,165.3,9.41
Tomato,Silt,3.45,111.46,75.53,142.0,5.61,35.12,1406.15,34680.93,443.28,71.32
Groundnut,Loamy,0.54,39.51,34.47,57.62,7.77,30.65,749.33,7575.31,27.2,1.11
Tomato,Sandy,6.7,68.62,51.72,29.51,5.06,35.92,704.45,143265.49,427.6,139.3
Potato,Peaty,3.02,99.54,77.58,138.63,6.76,33.29,503.62,74115.71,369.52,66.47
Rice,Sandy,1.45,52.61,67.12,66.07,5.31,22.87,1772.08,25536.73,105.92,5.11
Tomato,Silt,1.81,26.52,11.3,34.39,7.3,31.73,1479.76,17857.17,50.81,28.06
Sugarcane,Clay,1.1,93.34,78.86,63.71,7.63,26.5,491.72,18313.21,107.08,50.25
Wheat,Clay,6.53,123.07,34.13,67.69,8.12,33.71,1372.43,65161.18,623.77,24.44
Maize,Peaty,6.45,23.46,55.06,52.41,6.57,22.94,559.14,112560.86,319.34,28.94
Groundnut,Sandy,8.59,123.65,38.47,117.92,5.5,15.2,329.96,143728.57,967.17,25.13
Maize,Clay,7.63,109.57,20.19,133.53,5.94,37.59,874.35,65296.56,785.28,34.62
Barley,Silt,1.16,89.39,51.83,114.76,5.1,27.45,379.36,22036.56,115.67,3.11
Barley,Peaty,9.96,77.62,44.01,91.39,8.21,33.42,976.7,192938.34,834.86,29.31
Soybean,Silt,2.33,75.67,27.21,138.5,6.17,36.9,1099.58,41027.07,210.06,6.19
Tomato,Clay,9.33,75.04,22.71,55.82,5.18,25.77,1579.69,220959.99,591.38,193.11
Wheat,Sandy,1.3,138.15,56.65,53.53,7.05,17.52,1748.76,11044.61,140.13,4.94
Groundnut,Silt,7.88,100.81,53.01,135.48,5.28,22.61,672.43,195106.12,884.56,22.58
Cotton,Sandy,7.0,45.45,26.73,52.97,6.44,20.39,329.48,158225.46,345.4,14.93
Wheat,Clay,3.05,139.76,70.07,70.07,8.43,29.95,1413.03,17195.61,363.22,9.54
Potato,Clay,9.04,94.85,19.38,30.63,7.95,18.2,1080.35,51914.27,581.91,113.42
Rice,Sandy,1.33,132.38,67.79,121.83,5.7,33.52,1575.2,14346.36,172.76,6.68
Wheat,Sandy,1.92,84.51,50.31,102.1,5.06,37.09,366.88,15126.11,178.96,5.62
Groundnut,Sandy,9.36,99.91,67.59,16.79,6.9,25.57,1048.45,60295.98,767.51,26.49
Maize,Loamy,7.77,78.23,20.46,102.51,5.6,35.07,1219.67,63270.64,606.4,37.92
Sugarcane,Clay,6.45,50.38,66.26,125.41,8.43,26.54,982.44,129546.95,576.53,269.59
Maize,Silt,5.69,30.74,39.26,130.19,8.0,17.28,436.08,58338.1,398.99,26.24
Groundnut,Clay,0.65,93.94,77.26,136.89,7.44,17.22,711.25,7424.9,77.46,2.16
Maize,Loamy,4.16,70.15,13.12,54.03,6.58,17.69,979.9,91751.31,235.08,17.31
Rice,Loamy,2.32,76.95,35.3,63.43,6.85,28.44,1495.29,27431.22,166.23,9.42
Rice,Clay,6.09,132.14,60.82,138.9,8.18,28.91,1091.64,98266.73,803.67,29.69
Soybean,Peaty,1.51,113.41,21.94,75.39,5.74,30.86,1615.96,16313.81,132.99,3.25
Wheat,Loamy,6.89,59.45,29.47,39.9,6.74,21.35,1396.52,44991.83,368.36,22.45
Potato,Sandy,5.15,54.33,60.59,142.62,8.21,28.42,993.92,109995.49,484.89,90.3
Tomato,Clay,4.57,42.68,29.73,51.12,6.82,20.39,485.35,34188.24,222.15,86.31
Groundnut,Sandy,9.27,85.38,28.88,109.82,7.31,37.75,697.57,170972.28,808.35,22.31
Sugarcane,Silt,0.54,139.94,66.16,121.21,6.78,21.9,526.9,5744.81,71.34,29.53
Maize,Sandy,1.24,22.16,17.16,70.42,8.27,29.66,1502.74,17710.13,48.3,4.22
Soybean,Peaty,1.62,110.78,16.67,18.71,6.41,37.85,562.33,29913.19,109.7,3.39
Tomato,Silt,6.96,44.34,62.19,149.41,7.33,26.35,1684.76,37005.15,639.41,161.72
Sugarcane,Silt,1.09,74.01,24.33,91.48,7.27,21.96,989.97,11496.29,80.55,48.43
Maize,Sandy,8.88,88.6,33.22,112.61,6.78,26.48,465.21,113614.98,811.64,37.98
Potato,Sandy,1.35,50.82,16.48,28.63,5.7,38.0,303.28,24053.0,54.93,16.58
Maize,Silt,1.39,134.61,52.76,15.17,8.13,27.0,694.0,28270.44,129.17,6.47
Maize,Clay,7.99,101.81,72.21,108.49,5.85,36.43,457.25,82818.82,898.15,38.98
Barley,Loamy,7.92,63.39,38.45,124.26,6.33,16.09,564.66,190905.11,667.71,21.84
Groundnut,Silt,0.54,80.14,36.86,146.23,5.56,23.15,929.22,6888.99,53.05,1.64
Tomato,Clay,5.67,108.86,62.98,96.91,5.58,33.34,1380.17,38112.4,616.22,123.4
Tomato,Sandy,0.67,68.04,48.49,98.64,7.32,34.23,623.19,4977.57,55.76,15.28
Wheat,Peaty,9.76,121.1,45.06,147.49,5.34,21.97,1257.34,117123.99,1198.79,42.21
Maize,Peaty,5.72,90.9,55.69,49.51,6.28,34.4,592.41,123181.03,472.33,25.67
Rice,Sandy,4.15,73.33,19.91,28.84,6.87,16.96,754.42,82501.75,220.99,16.15
Sugarcane,Silt,7.13,55.26,57.04,109.79,6.3,15.41,1354.8,38767.31,594.87,371.07
Potato,Peaty,4.07,64.08,46.82,124.19,6.27,27.06,1306.09,42321.95,358.59,66.29
Rice,Peaty,5.84,57.75,15.91,107.48,7.48,23.28,415.09,78971.38,393.98,20.82
Groundnut,Loamy,3.5,101.91,71.0,47.06,8.43,23.89,700.89,46958.18,326.83,7.99
Soybean,Loamy,2.3,75.29,30.04,48.41,7.26,29.97,1536.78,30773.09,147.9,4.55
Potato,Peaty,9.81,91.55,59.68,15.99,6.81,15.86,1153.85,229706.46,730.32,176.36
Soybean,Loamy,4.85,133.4,57.15,23.76,6.63,20.53,1004.71,68471.72,469.23,12.7
Soybean,Loamy,8.39,99.68,33.69,141.3,8.19,19.82,359.13,166280.68,886.53,23.51
Barley,Sandy,1.51,40.84,58.31,102.16,8.12,31.86,1062.53,37486.78,112.28,3.98
Tomato,Clay,4.55,97.85,60.91,100.56,5.49,25.19,1142.16,100112.08,471.19,96.85
Barley,Peaty,7.0,125.89,24.25,132.9,5.21,35.44,793.61,79042.11,787.61,22.64
Groundnut,Silt,0.95,62.27,69.96,68.47,5.7,24.77,878.33,22234.35,75.99,2.77
Potato,Clay,8.93,36.48,33.54,94.21,5.36,31.79,880.87,184759.25,535.12,133.97
Cotton,Sandy,2.9,78.9,15.29,98.41,7.33,23.71,1731.63,65097.65,217.4,6.13
Potato,Sandy,6.74,43.78,20.08,149.93,7.18,24.91,732.25,115104.12,504.83,96.47
Barley,Loamy,0.81,79.9,52.04,23.43,7.52,20.3,1327.8,20009.43,55.06,2.35
Rice,Sandy,3.05,117.38,13.88,87.65,5.25,36.48,1449.53,55320.45,275.8,12.61
Potato,Sandy,5.7,97.99,62.76,98.97,6.89,32.24,1391.34,100254.39,591.32,97.57
Wheat,Clay,5.18,120.41,21.46,52.39,5.23,31.24,657.31,66138.82,437.54,16.55
Cotton,Loamy,1.88,82.92,77.41,97.04,8.44,34.35,353.95,34149.24,190.85,3.61
Groundnut,Peaty,8.62,101.98,13.66,120.68,7.96,33.38,1062.72,83231.96,798.54,25.97
Maize,Loamy,1.98,47.08,24.83,121.99,5.65,16.53,1797.84,10877.7,138.67,9.26
Potato,Peaty,8.65,47.91,18.09,59.02,5.77,36.28,1601.95,129762.81,423.19,108.63
Maize,Sandy,6.42,136.47,49.13,60.41,6.82,37.52,1344.54,118426.2,680.83,27.83
Barley,Silt,7.63,58.07,43.86,54.77,5.91,15.6,727.82,122646.94,480.64,18.19
Cotton,Peaty,8.87,91.24,52.55,69.45,7.37,19.37,1528.12,65075.57,776.2,19.01
Tomato,Loamy,7.6,85.97,41.66,37.87,7.23,37.42,1538.41,47129.76,539.8,140.8
Soybean,Sandy,8.88,133.03,61.77,26.69,7.34,24.44,1006.05,53106.23,880.79,20.04
Groundnut,Sandy,4.15,122.53,62.43,51.76,5.41,20.8,1681.13,68991.62,422.14,11.67
Groundnut,Silt,2.52,82.42,43.23,49.88,7.87,35.69,1472.9,22416.13,184.89,5.55
Groundnut,Peaty,1.04,100.74,47.13,104.48,7.07,24.72,601.32,11585.28,104.83,3.07
Potato,Sandy,5.64,118.2,22.02,124.06,7.43,27.79,1349.29,74647.23,592.68,87.93
Rice,Peaty,5.48,96.72,33.66,137.43,7.06,16.96,974.71,110384.92,565.19,24.95
Potato,Sandy,1.36,79.7,28.42,112.79,5.66,35.52,946.41,12183.13,115.65,22.12
Groundnut,Clay,2.77,70.16,27.58,58.28,5.47,21.81,1158.43,38384.23,176.41,6.59
Cotton,Peaty,8.99,110.81,33.24,115.5,5.53,18.0,818.44,190139.87,928.97,18.01
Soybean,Silt,1.75,123.05,54.36,49.18,6.94,27.13,1283.15,16923.55,171.67,4.97
Sugarcane,Loamy,0.65,64.72,34.62,88.37,5.25,33.17,626.67,12110.53,47.5,32.17
Barley,Clay,6.79,62.66,66.62,54.78,7.0,32.14,868.43,75040.11,505.11,19.68
Rice,Loamy,9.33,85.41,56.3,136.94,5.34,20.34,1363.35,200452.13,992.31,42.46
Groundnut,Sandy,7.2,49.24,42.8,94.83,8.1,35.44,1418.6,41067.66,505.41,18.61
Potato,Peaty,5.72,122.93,43.19,15.55,5.04,24.58,532.51,104649.8,477.26,92.21
Maize,Peaty,2.76,132.61,21.98,30.29,7.0,34.82,1015.66,68754.36,232.53,12.44
Wheat,Loamy,7.39,33.7,46.28,94.29,5.61,37.15,563.37,63166.09,470.18,26.76
Groundnut,Silt,1.1,91.78,52.13,23.71,8.4,27.51,1139.69,16946.99,81.26,2.75
Soybean,Clay,3.23,81.36,66.47,21.73,7.11,33.56,535.38,17114.06,238.24,7.12
Barley,Clay,1.81,71.13,48.66,95.85,5.96,24.2,1467.51,43209.89,151.96,6.16
Rice,Clay,4.4,59.95,18.75,29.38,7.41,20.98,681.99,109785.79,203.58,12.96
Rice,Loamy,1.44,89.58,53.95,64.31,6.87,33.13,1527.16,34727.71,123.14,6.14
Maize,Peaty,1.45,26.54,56.66,124.02,6.78,16.26,1103.21,34333.46,105.89,6.65
Potato,Silt,5.44,137.03,77.6,44.06,7.84,19.54,620.31,100815.87,613.84,89.84
Maize,Peaty,4.18,58.78,75.46,64.05,6.37,17.44,1305.67,45073.21,329.54,19.04
Maize,Loamy,7.33,109.43,46.01,59.68,7.93,22.13,1061.26,95504.85,667.43,34.48
Tomato,Loamy,7.05,92.29,17.51,83.6,7.57,37.82,1243.72,87502.57,551.78,127.44
Groundnut,Sandy,8.24,48.07,24.04,111.54,6.1,22.05,528.44,84686.41,552.93,21.6
Sugarcane,Clay,8.63,72.16,23.5,40.8,7.69,21.11,1450.85,78697.91,498.2,342.3
Wheat,Clay,0.55,132.4,17.44,128.67,6.69,30.17,1066.02,7945.22,61.07,2.32
Maize,Loamy,9.01,116.8,10.26,58.21,6.48,20.28,599.36,51883.2,720.84,41.19
Wheat,Silt,1.0,47.72,66.13,129.95,6.69,24.57,1766.78,8986.95,89.06,3.36
Cotton,Silt,9.15,93.84,38.84,141.15,5.17,19.84,1148.83,158446.77,959.22,17.09
Groundnut,Silt,6.67,103.77,54.67,58.28,5.33,24.82,493.13,159690.24,608.26,17.86
Barley,Silt,7.78,79.75,31.7,124.62,8.04,30.48,370.45,127018.02,699.74,25.1
Maize,Loamy,5.0,73.61,10.5,125.62,6.26,27.44,1315.95,95279.08,393.52,25.51
Wheat,Loamy,9.71,131.97,70.95,71.95,7.42,35.77,1575.64,128948.46,1125.29,31.7
Barley,Loamy,5.69,72.33,62.41,126.77,7.7,15.89,591.19,89560.64,564.48,20.27
Groundnut,Clay,4.99,125.29,12.82,123.65,6.29,34.66,1503.3,59750.03,523.24,15.92
Potato,Silt,6.01,100.04,73.81,61.66,7.18,15.89,580.16,129911.74,589.0,110.67
Groundnut,Peaty,3.79,120.31,17.09,106.25,5.87,15.36,550.15,64901.2,374.49,11.6
Sugarcane,Loamy,9.07,28.8,72.59,45.8,7.59,22.12,1588.13,172491.4,518.83,377.24
Cotton,Loamy,0.53,21.13,66.62,50.02,7.23,25.45,1595.15,12315.2,27.55,1.12
Sugarcane,Silt,3.03,90.9,45.4,17.43,8.26,16.8,1332.33,62663.52,208.39,137.49
Rice,Loamy,4.75,119.53,31.19,78.15,5.95,25.66,1631.76,67013.8,454.68,19.18
Barley,Clay,4.87,21.82,29.86,73.94,7.22,25.35,806.73,62165.02,219.38,11.93
Barley,Sandy,5.46,21.61,11.36,146.35,5.78,33.53,387.41,127810.41,323.32,17.48
Barley,Loamy,0.59,50.94,38.48,77.11,6.04,15.76,1185.19,9065.15,37.47,1.57
Barley,Loamy,9.95,77.84,62.92,76.06,5.15,22.12,780.17,216552.73,864.6,30.62
Tomato,Loamy,9.69,58.59,79.88,149.48,5.67,22.19,1029.07,177217.24,1028.36,221.47
Tomato,Silt,7.34,130.19,38.56,40.82,6.81,35.89,1506.56,46383.83,681.22,162.79
Tomato,Peaty,1.66,84.08,71.56,70.35,6.69,16.62,717.22,19114.68,152.67,40.69
Tomato,Clay,4.88,100.56,21.35,80.67,7.58,34.94,1239.39,89667.51,404.99,86.34
Wheat,Sandy,1.76,112.96,28.54,141.04,7.52,32.34,628.59,24387.44,193.9,6.76
Cotton,Sandy,1.49,135.48,72.32,51.5,7.88,26.92,992.71,16793.2,166.79,3.23
Maize,Clay,8.71,79.95,40.7,97.49,7.18,18.04,1434.35,91649.77,744.96,43.37
Wheat,Sandy,8.17,62.77,17.07,144.85,7.28,25.49,896.66,93947.35,667.5,32.57
Cotton,Clay,5.04,76.56,22.3,34.57,5.89,36.03,469.58,101568.51,290.23,10.01
Tomato,Sandy,5.65,35.73,63.63,140.88,8.32,23.49,503.28,86778.8,483.25,100.76
Groundnut,Sandy,2.24,50.33,38.46,66.73,7.78,25.5,556.15,23212.45,135.92,5.52
Potato,Loamy,6.31,87.89,60.03,141.59,8.19,36.76,667.07,48159.1,696.92,102.96
Potato,Silt,9.73,123.12,17.7,142.9,6.48,15.21,963.59,57641.75,1085.5,185.34
Groundnut,Sandy,7.11,39.75,62.76,145.7,7.73,15.52,1199.83,134453.94,630.64,21.92
Tomato,Clay,2.11,58.69,40.82,127.48,8.25,29.45,892.42,21236.7,176.79,47.98
Barley,Peaty,4.72,50.76,23.33,105.44,5.0,33.54,418.87,41699.22,313.31,12.62
Barley,Peaty,1.7,34.79,20.32,19.01,5.25,30.18,947.38,34431.17,53.04,4.62
Rice,Loamy,1.01,36.86,53.58,43.06,6.76,27.53,725.26,24183.68,53.25,3.9
Sugarcane,Loamy,1.11,97.13,51.14,135.93,7.29,23.03,1749.34,23354.38,121.92,60.85
Cotton,Peaty,8.93,24.87,73.96,127.45,6.04,33.15,346.82,217420.76,716.98,19.17
Tomato,Silt,1.13,138.72,12.75,103.41,6.55,36.83,669.0,17688.47,119.29,25.41
Wheat,Sandy,7.56,99.39,26.54,28.21,7.02,27.73,582.58,46285.5,519.73,21.05
Sugarcane,Clay,7.94,130.64,23.65,144.68,5.5,26.71,1544.54,95297.32,938.86,412.54
Wheat,Loamy,6.39,101.06,64.41,90.15,7.26,15.31,543.26,157720.8,659.94,20.26
Wheat,Clay,2.17,106.01,59.42,46.62,5.94,30.06,885.13,19318.14,197.19,8.04
Sugarcane,Peaty,8.63,81.76,17.4,108.7,6.82,21.86,933.81,94627.9,694.17,390.86
Soybean,Sandy,3.95,50.12,57.84,107.32,6.76,32.89,1562.01,65489.94,317.25,10.39
Rice,Sandy,3.22,70.86,55.49,18.33,7.84,27.34,717.33,20064.19,203.23,9.75
Barley,Sandy,2.87,27.87,58.34,92.28,6.42,23.36,625.22,52860.48,186.69,9.75
Tomato,Loamy,6.17,70.9,41.27,49.31,7.89,26.16,1115.11,68486.43,412.03,103.11
Barley,Peaty,2.29,98.38,20.39,89.83,6.85,31.89,382.66,52026.95,192.71,7.43
Rice,Sandy,2.24,71.8,67.23,128.8,6.82,34.8,308.17,12789.23,227.44,10.66
Barley,Silt,4.78,110.43,76.89,119.23,7.95,32.49,552.32,103626.69,582.14,14.3
Barley,Loamy,4.86,101.24,44.81,27.69,6.02,37.63,1741.07,55419.08,373.26,16.14
Potato,Loamy,9.18,64.2,36.14,66.78,7.93,29.97,1221.25,107263.12,611.35,149.52
Potato,Loamy,6.03,103.86,69.77,33.92,6.9,15.18,442.64,36714.74,543.19,107.19
Wheat,Peaty,4.33,101.44,39.46,144.79,7.1,33.57,464.03,56115.54,476.56,15.71
Maize,Peaty,1.19,122.04,24.9,105.28,6.9,34.16,487.63,9034.74,122.0,5.71
Barley,Loamy,4.44,59.23,52.47,140.61,7.93,37.9,333.85,32239.79,412.2,14.1
Cotton,Clay,2.77,114.44,13.95,64.87,6.77,27.89,1392.92,33538.76,228.06,5.88
Rice,Clay,5.7,96.86,28.16,26.43,5.42,20.17,1050.3,124361.79,385.6,20.87
Tomato,Silt,8.35,119.69,30.47,133.11,7.7,24.61,1422.61,202391.08,935.38,182.24
Groundnut,Silt,8.38,104.47,76.2,70.21,7.32,25.69,1245.88,117275.39,869.82,21.89
Cotton,Clay,8.3,23.43,54.16,62.19,6.02,24.03,813.03,179751.0,432.14,14.51
Potato,Clay,3.99,85.08,20.37,115.75,5.03,18.88,1171.2,76921.7,340.63,71.95
Cotton,Loamy,6.88,67.32,10.09,31.22,6.87,30.53,926.17,134978.76,323.88,12.41
Rice,Silt,2.32,120.8,60.74,135.79,5.41,37.78,614.11,12168.34,291.53,11.56
Sugarcane,Sandy,2.18,89.63,73.28,58.22,7.35,19.32,1237.19,25551.43,199.54,96.19
Sugarcane,Loamy,8.49,76.75,12.74,101.2,5.18,36.3,1742.45,74587.93,626.48,403.4
Groundnut,Sandy,7.06,81.61,55.54,135.11,6.54,35.73,1426.0,104304.55,731.2,22.44
Maize,Sandy,8.46,125.93,74.54,29.11,5.45,27.81,1640.96,207154.93,858.82,32.33
Tomato,Peaty,2.06,102.7,46.02,42.02,6.12,28.61,408.34,16413.37,170.06,36.6
Soybean,Sandy,8.18,42.78,17.71,112.37,5.55,34.55,1389.28,178522.43,508.41,17.72
Groundnut,Loamy,0.8,107.18,68.5,71.05,7.68,19.02,783.39,19557.94,81.72,2.57
Cotton,Clay,9.38,82.73,30.41,51.03,8.25,18.97,1169.45,151045.02,645.39,18.27
Tomato,Clay,7.6,57.4,31.44,128.11,5.25,35.27,684.99,128110.65,605.68,173.29
Groundnut,Sandy,4.44,102.74,34.08,52.43,8.49,32.27,1267.08,53714.41,358.22,9.53
Cotton,Sandy,5.76,111.44,47.62,128.51,5.12,23.44,655.61,80391.7,653.26,11.05
Sugarcane,Sandy,7.1,37.06,54.78,22.38,6.43,19.08,464.45,116099.62,335.05,343.46
Potato,Sandy,7.22,75.52,66.45,39.25,8.36,23.86,812.35,162428.76,549.7,109.15
Barley,Sandy,7.41,89.58,21.38,106.02,5.47,33.53,1784.6,92932.3,630.61,21.79
Cotton,Silt,0.63,130.57,19.0,75.18,7.85,35.45,1079.1,10276.99,60.17,1.34
Groundnut,Peaty,6.23,87.14,11.02,25.93,7.02,36.53,1600.04,153465.06,347.09,15.26
Potato,Sandy,1.48,106.28,45.27,110.68,5.87,22.46,801.32,8150.88,154.38,24.94
Tomato,Sandy,4.65,131.92,54.27,53.92,7.23,21.6,740.45,60475.05,483.37,110.08
Sugarcane,Loamy,4.22,51.63,76.82,96.48,8.27,19.68,520.34,93413.14,361.09,205.98
Tomato,Loamy,0.86,34.77,79.04,57.55,5.4,17.46,1379.19,18982.92,56.94,15.17
Wheat,Clay,2.62,26.78,17.24,73.25,5.8,26.87,680.24,62368.8,110.7,8.75
Maize,Loamy,5.64,105.83,48.97,130.39,8.25,19.24,955.29,72452.6,629.47,25.12
Cotton,Clay,8.23,24.29,46.98,104.35,5.73,35.83,1557.82,118681.0,512.21,15.61
Wheat,Clay,7.43,35.81,57.62,128.73,5.8,34.93,349.98,172904.99,591.6,22.94
Barley,Loamy,2.88,120.39,45.86,33.26,7.0,24.38,1292.17,65102.17,254.55,8.4
Barley,Peaty,5.96,68.27,36.23,39.7,6.51,37.64,746.63,101301.26,360.85,18.29
Tomato,Loamy,3.62,93.3,70.99,17.09,6.53,20.16,882.95,48262.35,290.49,79.45
Barley,Loamy,5.37,87.7,44.59,113.8,6.34,36.73,1022.71,88190.94,514.56,19.2
Tomato,Sandy,4.69,78.87,69.41,110.32,6.72,20.93,1627.39,77650.15,470.85,96.84
Tomato,Peaty,5.05,25.36,31.67,54.46,7.84,17.01,1508.51,92784.72,210.39,92.41
Rice,Loamy,6.29,112.28,41.27,78.83,7.25,17.49,954.37,153618.16,605.31,21.37
Tomato,Sandy,3.48,96.02,17.41,99.85,5.33,17.18,1392.28,40006.24,295.89,80.26
Potato,Loamy,1.66,81.17,50.97,63.51,6.66,23.36,1261.51,38174.55,132.68,24.69
Rice,Silt,9.7,139.03,65.28,104.57,6.21,18.94,418.47,183070.57,1232.36,47.02
Potato,Clay,8.86,139.97,27.08,118.05,7.05,21.01,1772.86,203392.18,1029.74,144.23
Tomato,Peaty,7.04,92.5,75.51,46.59,5.3,20.96,328.39,40248.79,636.53,159.46
Rice,Loamy,4.4,22.2,28.94,123.64,7.15,32.34,970.82,49286.23,263.14,16.01
Wheat,Peaty,8.03,120.63,55.83,45.84,5.96,22.24,475.21,83975.54,773.71,25.74
Cotton,Loamy,7.2,108.25,31.24,61.62,8.47,17.34,906.97,44995.03,612.83,14.97
Maize,Sandy,1.04,100.74,69.01,68.84,6.83,24.24,750.73,21836.1,102.24,4.49
Sugarcane,Clay,5.23,121.02,66.09,70.42,5.81,24.34,1539.33,49958.04,565.19,269.65
Potato,Sandy,3.86,97.07,27.19,29.75,7.78,17.28,707.07,85271.04,263.64,54.07
Tomato,Loamy,4.84,133.06,72.15,28.81,7.6,33.53,707.08,69864.97,503.61,107.09
Potato,Loamy,1.57,104.71,73.81,103.09,7.71,23.24,574.8,28061.14,177.28,26.27
Tomato,Silt,2.94,133.84,21.88,145.36,5.05,26.07,800.05,41145.17,351.0,66.99
Maize,Sandy,4.44,107.93,58.01,127.49,5.87,29.02,1177.79,55045.67,512.57,21.76
Tomato,Sandy,1.85,45.66,17.39,107.21,7.31,36.86,1394.52,11160.73,114.45,39.75
Potato,Peaty,4.71,90.3,78.33,86.86,8.17,16.91,586.58,65090.43,483.12,80.29
Barley,Clay,7.75,66.34,76.81,137.94,8.37,24.84,596.21,135854.61,815.7,25.48
Barley,Sandy,0.67,77.93,33.17,114.94,6.09,34.02,1192.43,14020.99,58.23,2.41
Sugarcane,Sandy,9.86,23.46,33.67,29.56,5.92,34.29,348.48,151834.3,335.79,400.95
Potato,Peaty,5.02,114.87,19.35,56.93,7.16,30.89,906.22,112881.99,412.53,78.43
Wheat,Clay,4.05,134.11,11.55,56.0,8.22,22.38,678.38,63559.77,358.55,14.25
Soybean,Sandy,9.46,115.41,22.69,111.12,6.35,24.25,1474.94,229427.27,946.96,22.48
Rice,Loamy,9.41,30.95,11.37,123.77,5.38,37.69,1229.02,169516.85,537.72,30.13
Wheat,Silt,9.14,137.89,23.86,33.11,5.2,34.97,742.07,46043.35,808.37,27.23
Barley,Silt,1.92,48.92,75.53,85.22,6.28,35.09,892.49,22441.47,153.9,5.4
Rice,Peaty,3.25,89.26,14.61,40.82,6.43,36.55,865.88,59433.75,203.92,10.83
Rice,Loamy,3.4,38.92,22.18,117.7,5.06,27.83,869.19,51467.01,216.48,12.22
Barley,Silt,7.4,131.45,66.3,37.02,5.87,22.86,552.39,123130.01,765.08,26.49
Potato,Sandy,5.49,44.36,41.63,122.59,7.07,17.23,1122.03,104588.53,415.0,98.66
Cotton,Clay,0.55,59.37,56.23,113.61,6.59,30.74,839.87,10104.76,47.48,1.03
Wheat,Silt,8.01,116.36,60.13,42.57,5.87,37.91,455.07,69018.62,761.28,24.8
Soybean,Peaty,1.31,42.01,63.09,17.97,7.86,15.32,1285.68,16154.77,67.8,2.84
Tomato,Silt,3.75,32.96,14.88,94.51,6.82,32.07,1064.6,50480.7,190.6,68.99
Rice,Clay,3.69,137.12,71.15,59.47,7.06,34.49,961.91,19763.46,423.58,13.45
Sugarcane,Clay,4.65,114.14,16.53,85.32,7.93,34.09,1734.2,88209.67,415.25,197.5
Tomato,Clay,2.96,105.04,25.04,20.44,5.7,19.11,806.62,39583.36,203.32,55.63
Barley,Sandy,3.07,23.5,52.36,68.43,6.05,34.94,1420.11,68048.02,163.46,8.5
Tomato,Loamy,7.11,44.73,40.89,23.78,7.89,17.9,1654.65,158535.04,326.19,119.74
Potato,Peaty,8.13,71.82,65.01,77.43,8.29,26.19,993.93,168286.51,692.13,139.09
Tomato,Clay,9.7,110.36,66.78,19.43,6.64,29.87,1545.05,58039.27,850.6,222.52
Rice,Silt,8.42,61.76,72.45,78.51,6.85,37.99,1564.95,102986.43,702.12,28.16
Sugarcane,Peaty,7.19,98.1,77.75,131.5,6.57,16.45,1014.09,135010.27,859.58,417.82
Maize,Sandy,4.95,55.25,29.41,82.53,5.56,22.84,785.97,82939.44,317.79,17.54
Rice,Silt,6.87,104.37,30.4,78.5,8.35,32.63,1754.34,136942.2,604.1,22.49
Cotton,Sandy,3.12,116.87,35.69,57.8,7.97,34.46,834.55,67479.72,280.66,6.8
Sugarcane,Peaty,1.13,20.19,46.63,61.45,8.49,32.77,1441.91,27274.52,53.39,50.02
Soybean,Sandy,7.73,37.98,50.03,49.24,5.8,15.27,495.51,86425.89,415.51,15.14
Sugarcane,Peaty,3.43,35.64,23.94,94.34,5.22,34.84,1742.25,34096.84,191.15,144.87
Cotton,Sandy,2.46,98.48,39.14,39.25,7.41,28.0,1588.01,18116.21,188.99,5.19
Tomato,Loamy,7.1,72.99,76.15,34.12,7.25,23.79,1735.22,82365.68,548.09,159.52
Soybean,Loamy,5.56,96.65,76.73,28.65,6.08,29.06,1746.08,38431.43,487.16,11.79
Cotton,Peaty,9.12,106.55,57.4,85.55,7.74,18.58,887.91,135039.69,929.75,17.0
Soybean,Silt,7.35,111.89,16.4,84.37,5.81,19.17,1515.45,56566.5,645.08,18.03
Rice,Silt,3.66,71.19,19.75,18.01,8.04,27.74,1213.08,86257.43,179.17,12.1
Potato,Peaty,1.61,63.22,77.77,139.6,8.09,25.4,1585.79,9580.36,167.91,24.76
Groundnut,Peaty,9.27,74.88,69.23,76.06,6.49,18.61,939.61,146008.29,815.43,22.87
Groundnut,Sandy,7.92,101.61,54.46,137.79,5.06,27.81,1481.02,125393.17,902.61,22.12
Cotton,Peaty,4.97,125.37,51.01,106.02,7.81,30.16,897.08,75939.41,571.29,11.89
Tomato,Silt,1.6,136.32,77.17,63.26,5.23,18.84,1789.25,25974.46,188.51,33.36
Cotton,Sandy,2.94,99.7,39.36,145.33,7.39,33.22,739.11,19365.52,321.18,6.59
Sugarcane,Sandy,2.42,134.32,41.08,38.59,5.7,21.46,1798.97,25069.58,230.28,110.11
Sugarcane,Loamy,1.08,52.4,63.79,134.48,5.78,25.66,1005.49,24373.92,99.85,59.26
Sugarcane,Sandy,8.55,21.14,38.2,137.48,7.59,27.49,1094.47,102217.17,573.67,396.72
Wheat,Clay,5.22,110.34,67.63,133.72,6.71,29.5,419.28,77085.86,638.88,18.8
Groundnut,Peaty,4.52,88.6,73.2,68.26,8.43,32.46,1067.22,80884.99,425.47,10.51
Groundnut,Sandy,8.56,22.45,52.31,52.4,8.02,21.52,1330.13,158225.82,409.76,18.19
Rice,Peaty,3.25,117.08,66.03,76.7,7.12,28.9,1540.74,43839.18,350.58,12.48
Groundnut,Loamy,5.22,56.72,74.9,94.46,6.43,29.98,1451.95,126298.06,452.0,15.09
Maize,Clay,4.69,77.48,72.79,68.3,8.34,26.16,1760.67,24204.93,414.09,21.92
Wheat,Clay,0.62,40.6,55.76,18.44,5.22,20.08,1068.66,9936.48,30.05,1.55
Tomato,Clay,6.14,37.81,37.92,137.09,8.5,37.71,1622.51,79195.67,461.91,124.86
Wheat,Silt,6.66,57.13,52.43,85.71,5.09,33.19,317.85,72359.31,501.25,18.33
Barley,Sandy,1.1,129.62,39.1,77.03,6.22,29.43,1476.61,19759.68,113.92,3.82
Potato,Sandy,7.37,116.72,30.26,104.66,6.49,35.45,1567.84,114360.97,751.13,140.62
Sugarcane,Loamy,8.32,101.93,59.05,113.1,8.3,34.14,1235.09,152462.28,903.36,375.25
Barley,Silt,4.53,38.36,66.45,83.88,8.42,21.48,1021.01,63300.52,321.59,11.01
Sugarcane,Silt,2.02,53.86,26.33,114.1,5.11,29.2,1440.99,29565.72,145.03,103.32
Wheat,Clay,7.61,43.63,64.41,127.33,6.26,19.91,877.58,150524.81,652.38,26.95
Tomato,Peaty,8.16,50.38,27.43,94.7,5.25,15.6,691.54,128567.09,526.73,173.11
Tomato,Sandy,5.78,69.37,76.34,32.06,8.41,20.3,1459.31,68134.94,432.89,95.0
Cotton,Silt,3.43,99.06,49.65,78.69,6.74,31.84,431.66,63063.93,319.37,8.29
Rice,Clay,7.31,72.47,38.25,33.49,6.77,17.91,1014.93,148150.08,450.05,24.12
Tomato,Clay,5.75,110.34,29.74,44.54,6.83,18.57,1299.92,98288.01,462.09,101.7
Rice,Loamy,7.24,90.34,35.01,92.9,6.2,16.93,1789.21,54604.6,630.07,25.0
Potato,Clay,4.46,66.25,47.4,128.66,7.04,16.42,1283.12,23030.04,404.32,83.77
Tomato,Peaty,6.05,130.42,13.44,92.42,7.99,20.56,1614.44,32554.98,594.82,132.32
Wheat,Clay,6.74,72.68,13.14,139.22,6.65,15.67,1334.73,98701.1,562.15,21.53
Tomato,Peaty,1.11,88.92,53.54,83.28,7.86,34.8,1223.44,5847.18,101.09,23.9
Soybean,Sandy,4.79,103.02,54.62,111.71,5.78,17.26,1675.21,77686.02,512.38,11.47
Barley,Peaty,8.27,131.99,75.69,138.41,6.91,23.19,310.91,51396.39,1138.9,29.49
Cotton,Silt,4.26,40.96,69.42,55.26,7.09,26.57,377.82,101508.22,275.95,8.32
Groundnut,Clay,9.17,113.66,62.88,96.91,7.19,29.67,1243.08,147396.53,1018.33,31.38
Maize,Clay,0.69,119.68,20.09,146.58,7.11,31.9,465.73,15246.16,76.67,3.68
Groundnut,Loamy,2.0,91.32,51.55,37.16,5.43,37.54,890.58,19061.11,154.57,4.63
Potato,Clay,6.61,30.56,72.55,67.55,6.1,25.63,885.1,147298.29,427.01,117.74
Soybean,Peaty,8.71,113.78,75.16,48.18,7.02,21.31,1536.14,44464.15,882.99,22.94
Sugarcane,Peaty,3.57,97.39,69.6,97.24,7.99,21.09,1079.25,49955.19,376.9,150.7
Groundnut,Loamy,6.78,91.03,61.54,92.13,5.23,17.68,1194.71,71234.23,663.32,16.54
Cotton,Loamy,5.77,59.45,60.43,101.91,6.16,32.36,1273.04,102341.35,487.06,12.47
Wheat,Silt,7.04,81.51,42.11,101.71,7.38,27.85,1237.41,48787.32,620.15,27.71
Rice,Peaty,5.85,25.68,12.89,48.86,7.41,34.6,1138.78,91458.22,190.9,17.82
Groundnut,Sandy,1.62,111.28,74.93,76.87,7.31,36.03,435.17,33152.67,176.52,4.92
Wheat,Clay,3.09,124.59,43.95,56.25,6.81,23.79,1146.45,22523.02,298.88,12.66
Tomato,Clay,3.17,49.31,49.22,17.93,6.82,24.01,1165.68,60465.97,157.84,60.08
Rice,Peaty,9.77,50.82,41.93,19.05,6.39,28.14,1729.69,149861.18,468.08,36.49
Tomato,Sandy,0.89,57.8,50.29,143.33,8.01,20.25,630.16,8007.94,81.66,20.84
Sugarcane,Silt,7.5,41.36,67.73,52.28,8.26,23.39,1586.49,77450.15,476.01,318.17
Potato,Sandy,4.01,108.89,64.89,118.04,7.53,19.7,806.95,57803.44,465.0,68.7
Rice,Clay,7.47,95.0,69.78,123.33,5.14,23.71,352.07,52595.82,839.66,31.67
Soybean,Peaty,8.79,54.67,16.04,141.44,6.32,28.26,1488.0,100907.0,669.26,23.77
Potato,Clay,9.34,115.96,40.3,81.57,5.93,31.2,1504.15,91327.67,920.63,138.59
Soybean,Silt,9.87,132.53,70.35,135.03,6.64,30.12,1642.6,126878.87,1331.2,33.65
Barley,Sandy,7.05,132.69,27.5,87.24,7.41,30.62,678.42,117945.43,729.6,24.08
Tomato,Clay,8.04,63.19,75.71,87.08,7.09,15.72,555.4,141910.99,707.22,165.82
Groundnut,Peaty,4.39,85.3,48.04,82.12,5.47,26.41,553.66,33004.92,379.52,13.46
Sugarcane,Loamy,6.77,68.22,73.63,101.12,7.69,23.48,1740.02,144836.74,635.22,366.0
Soybean,Loamy,1.75,51.91,40.69,19.09,7.7,29.3,1202.04,27935.54,84.15,3.73
Soybean,Peaty,0.55,71.52,38.55,30.38,7.37,31.15,1381.34,10857.53,33.45,1.04
Rice,Loamy,8.4,76.38,48.82,128.83,6.68,19.74,1542.67,132372.6,809.63,31.49
Rice,Clay,9.48,73.15,51.95,79.31,8.26,16.75,1051.68,177711.43,769.57,37.09
Potato,Peaty,5.77,115.54,10.26,100.24,7.09,22.32,977.13,57361.84,530.65,106.1
Barley,Sandy,4.23,54.97,67.59,75.94,6.76,26.98,972.55,42804.95,326.91,11.37
Wheat,Sandy,7.7,46.82,13.9,122.66,5.54,29.38,807.96,57947.04,506.16,24.39
Maize,Peaty,8.49,81.62,19.74,46.99,6.57,19.34,702.9,133187.53,533.2,38.61
Tomato,Silt,2.55,116.86,63.02,63.19,8.46,21.04,682.2,52234.56,262.12,50.36
Barley,Loamy,0.93,55.57,29.61,34.71,6.01,22.12,1082.83,16906.07,46.3,2.37
Sugarcane,Loamy,9.78,97.36,29.45,149.55,8.13,26.81,1537.98,208405.62,1029.75,551.78
Groundnut,Silt,6.61,93.12,42.72,99.58,7.78,37.29,1000.93,108968.54,618.61,17.91
Potato,Loamy,6.48,22.14,47.88,26.95,5.09,33.2,687.97,76599.04,248.39,75.07
Barley,Clay,7.45,39.77,34.59,50.76,6.22,31.29,851.77,120014.4,364.76,17.79
Soybean,Loamy,9.5,62.7,27.49,98.19,6.75,37.75,993.54,61633.19,682.25,26.59
Wheat,Clay,3.71,117.16,58.7,118.38,6.54,31.48,879.74,34209.59,435.99,15.28
Sugarcane,Clay,7.11,61.26,58.57,134.37,6.65,23.81,676.74,121384.38,670.51,414.67
Groundnut,Peaty,4.26,68.8,49.26,45.84,7.88,21.8,1358.04,65090.66,289.33,10.82
Potato,Clay,7.02,82.41,68.12,71.6,5.68,21.55,1057.75,109765.94,631.71,127.44
Barley,Silt,7.92,43.01,13.5,132.94,5.26,20.67,1342.98,104423.08,528.81,25.08
Cotton,Loamy,2.19,138.37,60.06,97.98,5.16,35.22,1519.14,40132.04,268.93,4.65
Sugarcane,Peaty,6.01,106.36,16.6,100.56,6.0,32.58,1109.42,45562.99,540.86,299.19
Wheat,Clay,2.21,120.98,10.77,57.14,5.04,17.21,745.64,13469.37,181.37,7.27
Groundnut,Loamy,1.0,27.12,31.37,136.04,7.24,32.71,512.33,21684.68,66.93,2.28
Soybean,Clay,6.04,68.2,76.44,119.92,6.0,34.42,948.59,130270.32,607.77,17.77
Tomato,Sandy,7.16,54.88,30.82,55.01,7.54,20.29,301.36,138238.15,402.94,117.61
Maize,Silt,0.64,92.16,49.38,33.19,5.53,33.23,1631.34,6776.05,48.17,2.56
Soybean,Silt,1.19,100.78,67.76,56.16,8.47,16.74,1292.69,16606.61,112.2,2.75
Barley,Silt,2.96,105.87,60.51,53.12,7.92,22.29,1387.64,21944.46,275.27,7.83
Potato,Sandy,8.24,137.46,71.62,52.79,5.37,17.58,736.83,142490.28,933.38,155.22
Wheat,Loamy,0.53,71.91,45.23,101.08,6.04,31.34,554.0,11375.21,44.35,1.88
Rice,Clay,1.2,75.77,53.09,27.83,8.33,37.55,1118.19,28898.46,81.24,3.64
Maize,Loamy,3.24,39.24,48.12,86.86,5.27,31.06,1235.66,28430.88,210.22,12.99
Maize,Loamy,2.57,50.5,44.35,145.42,7.91,21.55,845.06,36665.23,222.23,12.92
Maize,Peaty,3.9,107.53,77.48,36.02,5.8,20.19,331.4,66554.22,372.31,18.23
Groundnut,Sandy,1.16,45.25,30.32,121.18,5.56,16.01,890.98,15429.46,82.32,3.03
Soybean,Sandy,1.6,133.55,61.34,101.06,7.26,34.01,460.38,24135.75,194.47,4.67
Sugarcane,Clay,8.41,28.67,58.35,87.09,6.33,22.83,1231.25,191947.4,536.68,393.03
Maize,Loamy,1.47,27.38,13.59,66.32,6.18,31.51,1414.23,8861.64,57.47,5.16
Sugarcane,Sandy,1.87,36.07,76.07,123.57,5.63,24.35,833.43,38993.82,160.19,92.55
Soybean,Clay,4.27,51.55,36.28,82.2,6.2,20.56,897.75,22989.71,277.36,10.98
Potato,Clay,5.16,62.99,67.95,18.05,5.85,18.51,1588.78,74009.03,330.53,75.5
Tomato,Sandy,9.73,122.03,59.45,54.21,5.58,36.19,934.61,102930.6,983.63,203.13
Groundnut,Peaty,4.18,87.52,66.21,72.66,5.82,37.87,1734.86,91352.3,384.47,12.39
Maize,Sandy,9.18,53.07,66.06,138.96,7.11,33.47,1487.54,81340.92,868.6,45.34
Maize,Silt,5.32,39.47,39.14,127.45,8.46,22.31,1097.93,81071.79,392.04,24.67
Barley,Peaty,9.26,64.81,73.15,138.86,8.26,21.22,900.53,207430.05,956.42,27.64
Soybean,Loamy,7.57,25.7,25.35,110.34,7.74,25.47,1347.11,96633.61,424.84,15.19
Sugarcane,Silt,6.01,133.77,14.81,83.5,6.15,26.69,335.96,67672.21,588.09,331.64
Wheat,Clay,4.89,69.52,27.95,16.36,5.96,17.52,1289.73,55682.6,248.77,15.78
Barley,Sandy,9.05,82.76,18.02,69.11,5.72,19.59,1059.55,166903.59,627.49,28.81
Potato,Silt,4.78,62.29,48.84,40.39,8.01,20.93,639.64,69908.65,300.4,69.13
Sugarcane,Sandy,3.08,40.36,60.29,118.96,6.62,31.42,1403.9,23938.56,246.58,175.96
Soybean,Loamy,5.97,35.71,42.03,51.22,7.95,22.21,1558.06,80954.88,298.44,13.38
Sugarcane,Loamy,3.46,96.54,10.65,19.45,7.98,30.73,698.05,64942.44,202.06,152.94
Groundnut,Silt,3.78,32.78,44.43,118.74,5.78,21.2,664.07,93850.83,263.73,9.22
Groundnut,Peaty,9.29,37.63,77.96,142.91,8.1,19.93,1251.08,187823.92,862.77,29.72
Wheat,Clay,8.32,52.56,22.96,106.98,6.87,26.83,685.15,47375.85,561.77,27.1
Cotton,Loamy,9.11,24.95,40.22,22.05,5.33,30.15,1270.67,51554.54,320.36,12.85
Groundnut,Loamy,7.75,90.15,12.67,80.89,7.49,34.99,1701.05,89485.84,576.56,17.94
Rice,Loamy,2.4,35.7,57.31,90.58,7.76,31.99,1237.82,59348.44,163.08,8.69
Cotton,Clay,2.89,113.28,77.0,109.07,7.09,25.59,846.61,34885.11,347.57,7.01
Barley,Peaty,6.95,43.81,44.58,121.87,6.66,27.34,1456.7,126591.38,529.96,20.94
Tomato,Silt,2.04,139.46,18.32,17.02,8.12,20.63,1394.55,43382.52,167.98,42.14
Barley,Silt,8.32,101.67,65.3,125.05,5.3,29.33,310.18,48841.69,952.61,30.56
Barley,Peaty,7.49,120.62,76.47,132.36,6.69,22.73,531.74,97432.06,978.39,25.99
Groundnut,Silt,9.79,107.41,55.06,60.24,5.12,21.63,1452.67,89179.51,918.68,28.04
Potato,Clay,2.99,79.56,39.29,120.11,7.57,28.22,1533.41,48523.45,273.24,57.09
Soybean,Sandy,6.9,126.95,66.27,39.85,6.04,31.49,426.41,146477.85,703.1,18.95
Cotton,Peaty,7.32,101.58,68.16,20.62,5.08,23.58,523.18,118326.88,616.53,15.85
Potato,Sandy,8.53,20.03,21.8,19.11,6.15,35.89,445.43,146052.61,208.61,111.14
Maize,Silt,2.51,23.55,40.38,52.51,8.04,28.91,1221.14,39318.61,109.81,8.03
Maize,Loamy,8.43,127.22,67.63,28.91,5.8,15.07,755.27,60494.76,837.83,37.39
Tomato,Peaty,6.93,43.87,15.58,128.0,5.28,17.1,941.11,53351.93,461.47,150.88
Maize,Clay,5.91,131.37,47.12,62.73,7.79,25.19,777.7,114976.05,610.51,28.59
Groundnut,Silt,9.79,114.4,63.9,130.76,5.0,23.34,1406.4,166339.41,1193.99,26.47
Sugarcane,Clay,1.13,137.13,76.99,23.16,6.55,19.28,1028.02,24476.08,120.44,66.21
Tomato,Sandy,3.86,92.4,31.84,137.83,8.05,27.84,787.2,41972.55,387.31,70.06
Tomato,Loamy,6.04,133.74,43.96,137.32,7.92,18.39,1362.25,82840.41,759.27,126.96
Tomato,Silt,2.21,129.73,62.58,141.01,6.11,36.6,852.78,13429.48,292.03,58.42
Potato,Silt,6.18,78.79,12.25,99.32,6.46,27.88,943.98,150308.29,457.89,105.38
Soybean,Silt,0.58,108.33,20.65,138.15,8.12,30.04,1308.35,2952.33,60.05,1.68
Maize,Peaty,9.39,135.13,24.57,57.01,7.69,34.94,1078.84,233562.57,887.61,34.58
Barley,Sandy,6.38,47.86,10.07,117.22,8.45,33.63,990.31,147309.25,402.94,16.65
Soybean,Silt,5.03,73.71,64.26,86.11,6.11,20.94,356.62,83864.97,444.88,11.82
Potato,Silt,7.65,80.43,72.58,141.41,7.83,29.62,755.58,188528.9,853.77,126.88
Cotton,Clay,4.7,26.82,78.49,94.44,6.95,30.08,1045.54,26516.59,343.79,9.97
Rice,Clay,1.1,32.94,55.52,57.19,6.22,26.2,1767.87,26725.13,61.38,3.82
Rice,Loamy,2.79,40.18,78.05,98.37,8.43,22.77,1354.55,26385.12,225.6,9.39
Groundnut,Sandy,3.54,40.11,28.4,19.83,7.47,26.32,441.36,29825.34,132.14,6.98
Potato,Sandy,1.39,110.51,11.44,48.67,8.12,31.53,409.45,29884.39,103.83,20.59
Soybean,Loamy,6.98,139.22,26.26,99.23,6.61,15.91,321.71,51525.21,766.72,19.96
Soybean,Clay,3.24,129.8,70.74,64.97,5.25,35.56,1632.28,71494.68,364.64,9.23
Sugarcane,Clay,2.19,77.3,44.62,81.14,6.89,20.93,849.36,29907.17,176.68,93.81
Wheat,Silt,8.2,119.37,38.81,85.04,5.12,30.51,906.91,114050.85,825.84,31.54
Groundnut,Clay,0.7,47.3,43.29,72.29,8.01,27.47,1334.45,10089.61,43.94,1.69
Maize,Sandy,4.4,84.63,27.53,135.29,6.17,18.39,444.83,23201.0,413.58,20.23
Maize,Peaty,3.36,22.23,72.2,45.63,8.25,31.5,1443.98,30353.06,180.47,11.56
Wheat,Sandy,2.13,56.65,32.5,36.55,5.72,33.14,550.79,11889.84,111.64,6.67
Tomato,Loamy,3.65,34.24,49.93,137.36,7.74,29.32,772.58,57752.32,285.51,64.94
Tomato,Clay,7.39,135.8,28.23,17.49,6.91,31.26,1485.61,65570.52,623.88,137.39
Cotton,Peaty,3.64,123.26,43.16,122.94,7.03,32.78,799.01,78742.44,421.52,7.82
Barley,Peaty,5.31,60.37,60.83,83.84,5.45,32.25,448.84,115599.18,422.84,17.62
Sugarcane,Loamy,9.3,115.16,74.57,104.95,5.82,35.57,576.4,86114.03,1105.51,465.46
Tomato,Loamy,7.28,131.14,16.19,143.84,8.22,16.24,840.48,154747.85,838.41,163.13
Wheat,Peaty,7.33,79.61,12.89,93.88,5.17,28.89,1500.62,122423.43,536.05,26.99
Tomato,Loamy,7.61,100.07,79.4,111.28,5.57,36.98,1301.67,47105.17,876.95,180.4
Potato,Clay,8.3,113.9,48.09,35.84,5.88,31.99,1509.12,87843.66,721.48,129.33
Barley,Clay,7.28,20.43,13.26,15.59,7.26,24.6,746.32,169240.17,146.97,15.36
Sugarcane,Sandy,4.56,86.56,15.62,121.67,6.48,33.41,680.7,61296.6,392.1,250.53
Tomato,Clay,4.43,47.93,44.39,132.78,7.49,28.34,433.5,83706.51,361.59,82.49
Groundnut,Clay,9.98,113.66,30.08,69.33,7.59,37.28,983.21,215551.17,895.14,30.76
Soybean,Clay,0.58,79.05,47.2,42.17,6.0,32.6,1005.52,6539.35,40.95,1.4
Potato,Clay,7.81,38.81,61.91,95.92,5.2,32.88,874.62,90646.91,569.62,120.19
Cotton,Silt,1.68,136.47,48.85,39.69,5.46,28.6,1249.5,10198.63,167.75,3.2
Wheat,Silt,0.97,122.61,56.07,73.65,6.21,15.44,1537.82,7630.07,102.8,3.4
Tomato,Peaty,5.22,117.12,42.94,143.11,7.97,22.66,899.94,70333.48,619.79,121.03
Soybean,Loamy,9.71,93.04,37.96,102.08,6.38,33.81,1151.76,56688.22,896.3,23.0
Groundnut,Silt,9.53,28.69,30.67,41.13,6.94,23.8,535.91,170127.5,371.14,22.63
Tomato,Sandy,6.21,59.29,64.67,128.46,6.13,34.29,455.36,135090.42,584.01,123.26
Groundnut,Sandy,9.9,99.2,61.34,67.47,6.52,18.32,1534.13,233963.44,934.77,29.89
Potato,Clay,1.96,51.82,27.88,97.83,8.31,16.11,301.53,33380.78,130.37,27.16
Tomato,Loamy,3.61,54.77,28.87,34.56,7.04,18.87,936.95,51316.23,177.91,55.77
Soybean,Sandy,4.0,70.87,35.24,122.8,6.83,28.16,1579.52,84566.84,345.86,9.19
Wheat,Sandy,9.15,59.21,44.91,144.41,7.57,32.2,678.5,121617.03,831.5,28.34
Rice,Sandy,1.49,120.31,67.02,87.04,5.49,15.59,1495.06,25256.6,167.96,6.5
Barley,Clay,6.11,55.77,12.45,20.03,5.09,32.0,777.01,127776.4,237.36,14.39
Groundnut,Peaty,7.27,52.82,18.51,90.07,6.14,25.18,1270.42,108252.42,442.5,19.58
Potato,Silt,2.63,132.95,51.94,148.94,5.31,17.91,1539.96,58571.7,346.6,48.65
Sugarcane,Peaty,0.91,88.87,69.74,68.75,6.06,33.3,803.68,4606.32,84.57,51.54
Tomato,Peaty,8.29,119.04,14.65,38.07,6.09,22.38,1288.18,144685.46,636.3,163.27
Wheat,Peaty,4.13,85.23,42.76,32.18,7.27,16.68,867.29,79276.21,286.44,11.22
Maize,Silt,0.58,42.85,75.87,85.36,8.49,27.07,1115.9,7495.47,45.18,2.23
Maize,Clay,8.53,55.62,34.8,137.3,8.15,37.46,1652.76,64390.86,707.42,39.99
Rice,Silt,9.91,76.67,48.77,86.52,6.13,16.73,1643.48,208695.36,830.68,34.59
Potato,Silt,6.45,69.1,27.78,131.06,7.45,27.6,1214.35,43967.14,547.74,106.42
Barley,Clay,9.51,60.26,32.77,139.66,6.46,37.15,336.26,105861.64,809.98,32.14
Wheat,Sandy,9.34,91.29,66.07,68.62,5.74,35.96,1699.7,139640.12,865.42,27.79
Barley,Silt,9.64,98.43,68.67,85.9,5.73,27.07,1132.62,191380.94,987.85,28.13
Sugarcane,Clay,3.96,135.13,41.08,116.94,7.63,21.11,1157.8,90588.99,471.34,205.83
Barley,Silt,3.26,102.5,42.92,76.94,8.44,24.03,843.44,37101.7,298.52,10.47
Sugarcane,Silt,2.22,84.91,29.23,113.64,7.91,31.44,1395.37,33819.96,195.69,111.68
Groundnut,Clay,2.83,104.55,16.94,137.7,5.75,19.71,572.26,14942.72,284.05,8.95
Wheat,Silt,5.89,134.09,51.85,17.01,6.24,18.29,1686.95,41710.57,547.19,19.74
Soybean,Loamy,8.54,57.03,79.43,20.21,5.45,20.17,1516.66,192837.84,566.89,16.68
Tomato,Silt,1.77,35.96,11.57,21.72,5.92,16.5,853.32,38261.89,51.46,27.78
Wheat,Loamy,1.39,99.13,32.17,116.22,5.48,35.65,663.87,16793.1,135.45,5.6
Cotton,Clay,6.95,47.73,45.63,134.86,7.43,24.08,858.7,98074.3,573.76,13.07
Cotton,Loamy,0.74,92.47,20.17,122.8,8.0,26.09,1474.83,5829.02,67.23,1.5
Cotton,Loamy,2.68,83.2,41.61,93.25,8.07,34.96,976.61,14199.1,230.66,5.19
Barley,Clay,7.38,54.18,62.67,19.13,5.99,26.47,367.59,64391.66,427.53,22.76
Groundnut,Peaty,2.9,51.26,55.21,30.88,8.32,20.17,1799.45,43191.42,165.0,7.26
Wheat,Peaty,7.61,115.3,24.17,144.47,6.76,36.09,1360.15,148096.12,842.65,25.79
Groundnut,Silt,9.03,123.53,45.64,73.49,6.32,31.27,1307.5,80545.3,921.28,27.94
Potato,Silt,7.75,31.63,34.59,128.03,5.23,36.67,1779.48,52509.53,527.78,113.45
Potato,Sandy,6.16,97.32,63.03,30.93,7.92,31.23,1166.01,140445.13,512.31,100.69
Soybean,Silt,6.83,36.17,38.56,29.41,7.86,30.07,1060.81,81023.31,289.18,12.54
Potato,Peaty,9.71,43.96,14.19,144.83,6.92,33.32,365.65,158614.71,690.25,155.44
Cotton,Clay,4.32,115.89,46.59,89.26,5.34,18.04,1315.5,79851.14,446.09,10.49
Maize,Peaty,4.06,95.1,65.55,52.88,6.95,31.3,501.65,86448.27,364.12,18.71
Maize,Loamy,1.6,100.75,40.27,125.26,5.69,19.72,1268.64,35119.57,166.73,7.48
Maize,Loamy,9.91,109.32,61.77,48.43,7.92,24.32,1742.99,65672.55,930.29,41.57
Wheat,Silt,4.35,45.27,51.51,117.05,7.26,20.39,1397.41,44089.81,340.76,13.48
Maize,Sandy,3.93,93.47,20.7,23.93,5.76,17.94,768.61,60042.15,244.26,15.85
Tomato,Silt,6.73,93.05,38.82,78.96,6.45,34.37,645.0,34441.92,577.43,149.76
Soybean,Loamy,8.96,123.09,15.37,29.36,6.73,29.01,712.36,173174.62,685.14,21.89
Maize,Silt,5.07,69.73,17.47,139.63,7.82,20.29,683.97,28594.82,424.56,20.69
Soybean,Sandy,4.5,136.31,13.93,94.84,8.0,26.06,304.44,44332.54,459.6,10.57
Tomato,Clay,9.16,133.9,67.8,62.47,8.17,37.58,825.11,93552.7,1033.58,195.2
Cotton,Silt,0.81,133.5,74.8,36.96,6.43,34.11,1291.5,10444.66,87.28,1.94
Maize,Sandy,8.97,39.91,20.47,92.88,7.3,19.48,886.08,214635.39,502.29,33.26
Soybean,Silt,7.53,73.78,75.63,114.45,6.6,28.09,1338.92,126857.75,764.24,22.94
Barley,Silt,1.74,88.56,27.76,123.19,5.25,30.85,562.42,29486.41,160.85,5.85
Soybean,Sandy,7.14,50.86,49.49,86.96,5.48,28.6,772.18,43158.72,508.98,19.02
Tomato,Sandy,6.92,139.24,16.45,47.49,8.07,24.09,999.45,153735.83,625.96,135.42
Barley,Peaty,9.55,104.33,12.94,137.43,6.7,25.59,1149.7,76311.63,941.72,31.12
Potato,Sandy,5.15,42.91,11.1,71.43,5.3,17.17,700.99,90656.5,243.64,73.29
Potato,Sandy,8.93,51.11,18.56,142.22,6.61,22.16,1035.54,182623.29,675.38,136.58
Rice,Clay,7.62,84.72,70.61,32.84,7.08,25.33,933.44,76587.74,613.06,27.41
Rice,Loamy,3.08,106.48,13.4,102.91,5.77,16.88,751.21,29262.34,275.9,12.22
Sugarcane,Silt,9.68,135.63,41.06,122.34,5.05,27.6,1414.95,90371.64,1170.31,435.83
Wheat,Peaty,4.7,80.76,36.66,74.4,6.65,32.7,457.86,95731.55,363.43,17.04
Tomato,Loamy,7.48,76.47,24.8,87.44,8.35,28.54,316.57,46316.95,556.23,160.91
Cotton,Loamy,9.71,58.24,38.69,100.6,5.08,35.65,1079.16,139183.37,725.98,20.92
Wheat,Peaty,4.52,40.69,67.1,69.44,8.27,36.85,472.24,109133.76,307.62,13.4
Sugarcane,Silt,0.83,126.67,54.91,101.88,8.16,26.69,915.77,18530.54,96.18,44.79
Barley,Silt,4.75,50.72,56.25,64.21,7.75,17.8,474.6,43140.27,318.58,11.5
Tomato,Loamy,4.96,61.61,70.37,130.33,5.08,29.02,851.75,66009.36,486.15,115.82
Sugarcane,Sandy,7.69,25.71,77.14,24.7,7.03,35.75,317.86,115127.43,393.16,314.11
Rice,Peaty,1.12,95.11,39.18,99.04,5.74,22.79,1142.52,18827.43,103.77,4.24
Potato,Peaty,2.16,59.05,23.96,100.57,6.99,23.8,788.75,21061.46,149.62,34.93
Barley,Loamy,7.57,120.13,34.61,23.49,7.18,19.34,1153.57,149850.24,612.99,23.69
Soybean,Clay,2.66,66.76,52.45,116.97,8.16,36.06,1464.96,25427.27,237.75,5.54
Potato,Peaty,2.22,24.61,29.25,127.71,6.03,16.31,378.74,30018.83,138.08,39.97
Wheat,Loamy,4.56,32.23,44.55,109.03,5.95,21.82,1562.96,23734.75,303.77,15.82
Barley,Sandy,6.29,33.27,53.94,40.21,6.79,27.17,1614.31,89661.55,316.33,15.99
Wheat,Peaty,6.09,61.2,56.79,45.8,6.11,37.14,822.11,72640.97,408.3,20.38
Groundnut,Peaty,6.01,20.13,73.05,91.98,6.28,34.07,899.75,34123.69,401.72,17.85
Wheat,Silt,3.71,50.11,51.57,43.09,6.13,29.64,1622.32,58127.47,217.57,12.66
Tomato,Sandy,3.35,53.8,52.3,125.26,7.66,21.04,667.97,81465.07,286.1,59.01
Soybean,Clay,1.01,93.82,13.32,97.72,5.79,35.81,1012.64,9549.2,82.16,2.73
Groundnut,Loamy,1.75,99.72,24.98,73.43,5.69,27.62,474.08,9572.11,143.5,4.06
Barley,Loamy,1.85,105.02,14.75,29.6,6.78,25.69,1727.37,44249.99,124.6,5.65
Rice,Silt,4.82,62.74,76.3,96.39,7.03,20.33,370.05,115266.93,437.88,18.26
Tomato,Sandy,1.59,120.43,11.93,127.59,5.49,35.39,1394.66,13178.88,164.1,35.08
Soybean,Clay,2.19,123.1,38.25,68.8,5.59,23.81,1607.43,26894.45,213.82,6.25
Wheat,Silt,1.88,41.28,70.39,68.02,5.02,21.3,1196.44,39379.73,129.86,5.25
Tomato,Clay,7.81,71.46,63.09,65.19,5.85,31.77,929.51,192273.98,628.69,151.44
Barley,Clay,5.99,27.82,40.4,33.26,5.95,19.39,1624.46,114745.79,239.81,17.12
Maize,Clay,3.48,65.67,11.3,112.84,6.22,22.21,1197.21,47727.68,247.61,17.32
Maize,Sandy,6.33,57.4,79.34,75.09,7.22,17.91,1399.54,65752.87,525.32,27.38
Soybean,Loamy,9.72,70.95,68.44,22.2,7.97,29.48,1033.06,221614.62,675.65,23.68
Barley,Clay,4.46,28.73,16.91,71.15,6.07,36.29,863.56,89875.39,189.39,11.95
Sugarcane,Clay,2.94,73.55,58.64,25.75,7.08,28.56,1326.34,36448.4,199.77,129.45
Cotton,Loamy,9.8,75.73,67.22,83.55,6.74,36.4,1634.95,203109.88,880.63,19.83
Wheat,Peaty,2.63,73.27,43.89,127.27,8.14,24.54,326.56,58413.12,242.67,8.1
Tomato,Loamy,4.3,138.32,17.05,72.2,6.08,35.82,1604.01,41896.36,419.38,80.23
Groundnut,Loamy,3.15,131.77,57.83,50.43,7.26,34.52,902.45,68113.4,328.43,8.05
Groundnut,Silt,7.18,41.92,52.69,113.02,6.1,34.06,1205.13,91754.72,545.13,20.26
Soybean,Silt,4.33,61.21,38.06,117.75,6.69,36.63,740.51,57596.11,351.08,12.01
Barley,Loamy,5.7,26.4,37.9,51.55,8.5,22.09,1626.74,105530.76,249.67,13.23
Potato,Clay,8.89,39.25,33.77,60.26,5.15,28.76,1582.23,112319.17,455.34,135.08
Wheat,Silt,8.1,132.3,38.23,110.68,6.78,33.49,1368.81,100099.3,928.59,29.67
Soybean,Loamy,2.4,31.43,18.36,120.72,6.23,20.16,829.27,42987.23,142.29,5.8
Soybean,Clay,4.79,32.24,15.11,77.4,6.06,29.09,364.5,35646.98,217.59,11.7
Tomato,Loamy,8.22,101.5,52.48,91.25,8.01,33.9,483.43,180525.98,814.37,165.41
Wheat,Peaty,8.76,71.84,66.59,50.56,5.01,26.4,450.34,176022.94,681.08,26.07
Tomato,Loamy,1.33,54.4,64.7,35.46,7.27,36.1,1319.76,28155.67,84.55,22.12
Barley,Peaty,6.58,99.65,38.99,21.02,7.75,30.61,1009.21,151210.9,471.67,17.02
Rice,Peaty,8.79,115.64,46.05,32.65,5.75,30.09,877.56,191036.0,756.37,37.35
Maize,Sandy,4.09,114.64,34.6,37.56,5.12,23.87,1655.34,39966.65,336.86,15.25
Groundnut,Sandy,2.57,131.46,31.49,68.79,7.45,21.75,1528.7,16423.47,253.92,7.78
Barley,Peaty,4.85,53.25,42.48,75.75,7.04,21.48,416.39,38359.88,322.07,14.79
Groundnut,Silt,5.08,68.08,79.03,125.85,6.52,31.73,704.34,35550.23,524.91,14.98
Cotton,Loamy,0.66,117.78,35.14,93.36,5.26,19.02,1634.54,11284.92,66.34,1.57
Barley,Sandy,4.03,55.86,70.08,149.81,7.2,33.29,1472.62,48822.72,406.92,13.58
Cotton,Loamy,7.04,22.54,33.57,34.5,5.82,35.83,355.34,66120.52,246.64,11.35
Rice,Sandy,5.57,46.19,21.5,46.97,6.76,21.24,1721.4,79581.21,255.21,16.43
Groundnut,Loamy,3.62,98.42,29.57,92.05,7.7,36.34,691.69,42390.79,321.28,9.71
Cotton,Sandy,9.72,86.2,42.77,147.9,6.95,30.21,799.16,122842.46,1016.16,22.76
Soybean,Loamy,6.19,122.75,18.22,108.09,6.43,19.74,904.13,40357.93,625.82,17.61
Sugarcane,Silt,2.06,110.39,63.26,23.09,5.07,37.4,590.07,44189.95,180.17,95.03
Rice,Sandy,7.25,45.06,31.47,79.16,6.57,31.3,1235.15,129622.65,426.57,28.21
Wheat,Loamy,3.42,138.19,66.98,37.23,5.02,15.98,666.1,24924.01,366.23,11.88
Cotton,Peaty,2.55,67.92,45.55,124.38,7.94,35.92,1063.87,48125.64,228.05,4.63
Wheat,Loamy,6.52,50.84,13.65,16.38,5.08,15.19,465.53,63863.4,233.51,16.13
Soybean,Clay,2.36,25.1,21.21,66.86,5.77,22.02,1762.94,44954.35,96.77,5.33
Sugarcane,Silt,8.77,89.47,40.09,101.61,7.86,15.13,1788.0,75894.95,799.95,414.34
Barley,Clay,1.76,67.41,22.4,64.09,6.31,37.84,1792.22,12837.05,108.9,5.35
Soybean,Silt,7.17,136.03,31.01,117.12,6.52,27.84,1524.68,67701.43,828.77,19.27
Cotton,Silt,1.38,71.62,51.06,137.78,5.66,33.54,495.94,13566.19,134.46,2.78
Potato,Clay,7.98,75.42,79.94,128.28,7.59,35.03,1251.05,174462.18,862.75,131.68
Soybean,Clay,6.14,126.41,56.95,147.58,5.22,35.77,1521.1,69285.47,799.73,19.63
Barley,Silt,5.85,34.4,47.24,63.17,7.77,32.44,1665.92,31000.86,322.18,16.99
Rice,Sandy,1.27,22.5,54.01,100.01,8.45,24.15,797.86,22248.02,79.96,4.77
Rice,Loamy,4.55,96.19,69.94,81.23,5.76,18.9,300.24,88175.55,457.35,16.21
Rice,Silt,3.33,87.25,37.86,106.08,5.19,17.85,1048.82,39089.8,301.65,11.96
Wheat,Silt,9.01,103.02,18.51,23.78,8.41,30.67,926.18,171489.22,595.06,28.31
Cotton,Peaty,1.47,69.77,69.96,112.45,8.09,29.16,495.49,10710.13,141.81,2.64
Tomato,Clay,7.48,102.35,32.27,38.87,5.36,31.96,975.66,85761.59,566.3,157.68
Tomato,Clay,7.05,87.87,15.42,36.95,6.36,19.27,1488.33,93962.42,431.6,118.11
Barley,Silt,1.72,48.75,70.17,139.82,7.89,22.68,708.67,27569.34,162.81,5.71
Maize,Peaty,0.69,34.11,69.11,129.06,6.15,17.02,1357.46,8388.76,57.34,2.73
Sugarcane,Peaty,1.8,90.69,72.87,122.06,6.91,24.71,1228.02,25026.39,200.4,89.74
Maize,Clay,8.8,64.74,68.91,73.2,6.4,15.65,1342.92,186031.98,720.33,41.54
Tomato,Silt,5.94,68.18,40.04,145.65,7.53,24.47,328.65,33762.83,557.38,134.51
Maize,Peaty,4.36,23.74,77.72,148.16,6.92,16.63,1111.46,99519.01,380.72,21.56
Rice,Clay,5.52,131.36,40.01,132.42,6.57,37.52,1739.75,63965.83,670.49,27.64
Maize,Loamy,3.0,44.64,28.5,137.84,8.2,22.57,1358.15,55594.82,225.42,13.65
Potato,Sandy,6.84,23.15,36.37,108.94,5.88,37.03,345.24,165336.46,402.41,97.36
Potato,Sandy,2.76,122.13,49.01,42.92,7.18,23.23,1566.61,38871.28,258.51,48.85
Cotton,Loamy,9.84,117.02,21.2,52.5,6.15,29.96,1435.49,196722.7,814.18,20.1
Rice,Silt,1.68,87.73,76.66,122.05,7.03,29.88,1695.84,22749.79,186.38,6.83
Maize,Loamy,9.74,28.19,39.25,48.2,6.67,36.17,1385.98,177622.31,431.0,37.38
Soybean,Clay,6.07,86.45,34.26,42.2,7.83,16.24,404.51,83819.22,422.38,12.52
Groundnut,Sandy,1.8,121.89,53.15,40.18,5.62,35.08,1414.1,32775.96,169.86,4.79
Maize,Loamy,1.57,71.75,58.09,54.05,7.97,25.07,1752.34,37864.9,118.43,6.9
Cotton,Loamy,2.75,61.45,62.71,72.32,7.93,35.19,749.59,58964.66,212.86,4.78
Tomato,Clay,9.27,52.32,79.24,105.49,6.62,29.11,708.8,97180.44,829.66,180.1
Potato,Sandy,2.68,24.27,66.32,98.09,5.35,28.51,978.27,54971.76,182.67,38.15
Wheat,Peaty,1.98,134.9,64.51,114.46,7.42,24.74,1684.92,12815.41,253.19,8.41
Soybean,Loamy,3.58,82.33,64.79,128.2,7.04,24.27,1719.75,35533.7,377.65,10.6
Cotton,Peaty,4.08,20.16,41.26,52.36,5.37,16.73,821.34,70572.9,172.58,7.8
Wheat,Clay,6.25,78.17,17.4,52.52,8.12,27.65,920.12,40351.59,386.43,19.82
Tomato,Loamy,8.3,27.08,73.43,40.5,5.9,16.23,1748.1,182877.23,456.88,173.94
Sugarcane,Peaty,3.28,101.54,32.08,121.99,5.46,32.54,402.53,17236.26,328.85,184.19
Maize,Sandy,2.71,94.03,45.63,148.87,8.44,29.61,964.31,40164.64,297.86,13.02
Rice,Loamy,3.64,40.28,42.67,28.54,6.18,23.72,998.43,52229.44,166.79,11.38
Groundnut,Loamy,6.34,137.26,17.79,43.64,6.66,37.28,1457.71,145638.51,563.41,16.71
Soybean,Silt,1.48,26.36,69.89,140.18,5.32,17.61,349.76,10471.53,122.86,3.36
Soybean,Loamy,6.68,45.51,36.23,16.05,7.43,22.42,1157.38,161232.26,281.03,12.89
Groundnut,Silt,6.51,49.05,40.57,114.96,6.56,16.58,552.91,135596.12,489.9,19.11
Potato,Clay,1.24,131.6,59.5,59.51,6.37,32.04,1202.21,22817.81,133.02,21.42
Wheat,Clay,9.9,45.67,39.25,54.4,7.68,32.57,738.67,65640.08,543.26,25.43
Barley,Clay,6.43,126.71,24.69,147.55,7.46,26.41,946.38,155000.81,756.08,19.64
Potato,Silt,3.1,80.61,77.11,38.27,7.52,29.13,1319.51,37310.62,256.4,46.44
Sugarcane,Peaty,4.49,42.58,10.58,145.96,6.51,37.3,510.49,75140.61,310.98,199.77
Cotton,Sandy,1.57,129.45,23.62,97.75,8.45,35.3,1734.85,18604.85,162.47,2.81
Soybean,Clay,8.04,38.02,56.18,58.68,6.19,30.22,1000.5,170683.24,474.8,16.68
Sugarcane,Loamy,0.99,129.94,73.59,45.49,6.91,36.97,1045.06,12767.85,107.18,50.67
Barley,Loamy,5.03,113.99,40.22,49.02,6.14,16.79,1046.07,40082.9,441.95,16.73
Groundnut,Peaty,7.77,134.54,69.46,143.45,6.99,18.8,1703.09,173760.15,1072.6,28.5
Potato,Loamy,6.44,21.77,62.36,27.36,5.91,27.68,977.6,34214.22,283.45,100.58
Cotton,Silt,6.98,84.93,77.25,31.19,7.58,17.95,872.77,116596.76,577.22,14.71
Sugarcane,Clay,5.61,83.94,54.63,56.02,6.89,19.37,580.31,92788.48,452.58,282.45
Tomato,Peaty,1.67,87.84,28.91,67.97,6.4,19.11,301.97,36768.14,126.44,36.26
Maize,Peaty,5.69,104.12,75.5,104.87,5.93,28.12,963.49,91799.51,647.26,27.91
Soybean,Clay,1.1,70.92,11.09,57.97,6.29,23.64,1769.03,12170.97,62.94,2.33
Barley,Silt,9.18,47.84,18.48,15.82,6.78,37.96,1342.45,102474.71,330.85,25.8
Potato,Silt,8.26,56.06,20.48,45.55,6.64,24.77,733.33,69751.94,412.09,132.1
Soybean,Sandy,3.31,49.38,25.24,33.45,6.93,28.92,1358.25,61606.19,148.41,6.65
Maize,Loamy,6.97,61.93,24.88,65.54,5.95,17.03,1545.21,153870.54,422.51,25.94
Cotton,Silt,7.52,45.38,37.54,23.66,5.79,33.24,1506.59,68735.14,336.89,12.55
Potato,Silt,9.93,98.67,47.95,118.34,7.94,33.55,324.81,86711.88,1032.43,176.96
Potato,Sandy,9.59,44.17,70.48,58.38,8.46,18.63,1074.51,199959.49,649.94,136.83
Sugarcane,Clay,8.79,96.0,72.34,61.13,6.63,35.61,708.86,204846.69,837.26,489.86
Tomato,Peaty,6.35,42.68,23.43,103.19,5.19,22.21,524.15,105481.15,391.79,124.98
Cotton,Silt,8.95,99.86,53.17,99.5,6.04,24.55,1498.94,99566.09,904.12,19.55
Cotton,Silt,1.78,54.73,56.37,97.77,6.86,30.71,1256.09,40215.02,140.84,3.81
Maize,Peaty,4.41,100.73,64.9,105.03,8.15,21.56,1650.93,33561.92,475.11,20.89
Rice,Sandy,5.29,39.41,35.85,28.32,7.0,17.2,540.52,35461.93,224.86,16.8
Cotton,Sandy,1.18,96.15,57.91,87.06,7.33,20.37,1034.47,15162.48,115.16,2.21
Maize,Clay,5.2,53.02,43.16,119.67,7.81,29.94,1001.62,85953.01,414.66,21.52
Cotton,Clay,4.16,83.64,51.92,141.33,7.72,18.5,561.27,29184.97,437.1,9.76
Barley,Loamy,6.67,29.8,19.48,36.02,7.21,31.91,1589.47,158778.67,223.36,15.08
Barley,Silt,2.78,63.05,74.03,92.64,7.58,26.27,343.29,17488.54,247.49,8.55
Sugarcane,Clay,7.36,117.28,38.83,115.77,6.41,30.6,1446.0,182765.42,801.32,377.5
Sugarcane,Clay,2.44,103.21,74.19,68.27,5.63,21.56,982.58,26369.61,248.17,112.02
Wheat,Loamy,0.57,84.71,65.56,50.94,7.11,30.38,1282.54,7995.68,48.18,1.86
Rice,Peaty,3.55,32.36,15.03,27.73,7.04,16.19,805.39,71265.78,108.37,10.44
Soybean,Peaty,2.09,46.73,18.96,74.45,8.11,20.81,860.63,45747.22,111.2,4.58
Wheat,Silt,9.88,87.19,58.69,30.98,5.88,18.21,885.26,105539.72,754.46,34.66
Barley,Loamy,7.36,36.91,71.39,39.43,7.79,25.51,792.41,60055.93,432.79,17.66
Barley,Peaty,1.66,33.52,15.06,115.41,7.49,16.34,1140.41,11109.99,95.29,5.17
Groundnut,Loamy,5.32,108.12,18.46,44.87,6.15,20.02,887.0,86142.58,398.51,14.81
Groundnut,Sandy,9.34,88.42,61.39,143.37,5.29,15.13,344.7,151982.7,1044.31,30.05
Rice,Loamy,5.68,81.96,16.63,58.41,5.07,17.55,1517.79,122616.45,370.09,21.16
Sugarcane,Peaty,8.04,100.52,56.89,105.09,6.8,23.36,1395.29,88183.57,840.15,427.97
Cotton,Sandy,6.46,132.23,30.93,63.49,7.51,29.06,567.8,80929.39,630.32,13.25
Maize,Clay,2.19,130.93,63.36,79.98,7.38,35.64,504.26,21952.47,251.84,10.52
Rice,Sandy,7.1,71.61,58.38,85.35,8.42,18.74,1201.0,105298.51,602.05,23.37
Potato,Loamy,3.12,65.81,36.24,47.97,6.51,25.89,1416.33,63286.0,192.61,43.63
Soybean,Peaty,3.57,77.76,51.77,53.79,7.07,21.85,383.24,18054.69,270.69,7.52
Sugarcane,Silt,4.56,81.52,20.28,89.39,5.51,29.06,1699.89,40613.65,344.86,226.12
Maize,Silt,4.07,33.29,34.67,38.43,6.31,24.6,750.89,73748.69,171.0,17.6
Maize,Sandy,2.33,52.49,69.78,92.17,6.59,18.44,974.59,24598.77,190.39,12.0
Sugarcane,Clay,5.61,79.03,66.17,105.5,5.44,22.97,808.62,91469.14,547.46,261.63
Rice,Clay,3.68,135.18,46.41,69.09,6.82,32.92,810.16,31512.82,392.83,15.59
Tomato,Sandy,7.27,125.84,35.98,25.17,8.35,25.01,1234.89,133245.84,617.03,137.85
Maize,Silt,5.26,123.99,65.63,144.97,5.25,21.17,420.31,105413.58,693.61,23.53
Rice,Sandy,5.84,69.38,60.06,80.75,6.49,24.79,1607.81,75309.27,484.01,22.04
Sugarcane,Peaty,2.37,123.28,20.26,137.66,5.99,35.69,1486.23,39398.06,262.92,132.61
Cotton,Loamy,5.96,55.09,38.16,118.23,5.85,34.29,863.82,93159.13,466.15,13.93
Potato,Peaty,4.55,132.74,40.0,63.38,6.54,26.95,1247.99,95627.84,461.36,79.08
Tomato,Silt,3.72,98.95,60.24,90.34,5.2,18.91,727.95,39580.1,374.06,82.17
Groundnut,Loamy,7.68,51.84,31.7,86.27,5.76,35.34,428.05,106642.92,495.15,21.88
Sugarcane,Silt,3.28,70.49,59.47,146.39,8.13,22.88,1797.3,16615.36,337.38,140.43
Sugarcane,Clay,6.65,36.36,51.26,91.65,8.4,35.32,1718.33,48368.74,440.18,317.85
Sugarcane,Peaty,7.34,39.3,54.29,22.08,6.03,36.19,557.6,46286.32,352.28,303.65
Groundnut,Silt,9.05,34.18,31.75,120.09,6.9,34.14,467.39,211820.23,595.48,27.5
Wheat,Clay,8.74,63.97,13.02,146.53,5.06,36.8,853.02,45476.18,709.51,31.02
Wheat,Sandy,6.37,139.36,61.46,44.14,7.96,24.54,354.23,72769.18,684.55,23.72
Tomato,Silt,9.78,89.85,70.68,143.69,7.36,27.63,305.27,56746.62,1137.87,205.58
Maize,Loamy,6.96,51.23,43.29,55.42,6.13,20.99,1429.19,85677.3,414.39,30.34
Rice,Silt,4.56,96.93,76.75,128.35,6.49,29.83,565.61,73969.59,536.95,23.44
Sugarcane,Clay,9.27,87.8,33.05,33.94,6.3,31.22,877.43,91969.06,623.85,430.37
Potato,Clay,3.24,43.32,78.18,63.82,7.1,29.03,1140.71,75427.26,233.39,54.35
Rice,Loamy,8.88,133.33,17.04,51.7,8.43,21.22,1339.06,89462.08,790.68,30.21
Barley,Sandy,8.63,125.92,30.78,126.18,6.25,17.28,1437.11,146178.76,976.84,27.39
Cotton,Peaty,8.69,117.18,18.96,116.95,5.75,37.48,378.13,104696.95,880.31,18.5
Cotton,Peaty,7.86,105.51,54.45,67.27,8.18,37.3,560.46,74314.78,744.04,15.82
Wheat,Loamy,6.03,82.65,33.16,88.23,8.36,19.74,1282.25,35366.14,488.54,16.74
Groundnut,Loamy,3.94,40.49,70.68,68.22,8.24,34.5,864.96,64876.61,271.59,8.38
Sugarcane,Loamy,9.95,132.54,10.3,134.53,5.23,36.92,722.74,125812.87,1102.29,445.14
Cotton,Clay,9.47,93.29,60.11,117.87,5.92,16.04,302.81,113776.86,1004.4,19.63
Maize,Sandy,2.21,34.94,74.04,33.94,6.88,28.64,1115.23,15397.01,126.3,8.42
Barley,Clay,2.29,87.4,58.5,86.84,6.52,23.91,1562.54,21512.92,213.47,7.9
Sugarcane,Sandy,4.48,55.68,42.94,27.58,5.16,17.57,580.72,67610.44,238.86,202.53
Potato,Loamy,9.38,134.59,77.12,128.07,6.27,16.67,1153.23,151773.97,1281.53,206.62
Cotton,Clay,1.95,109.11,34.95,93.54,5.35,22.05,1051.3,18829.43,188.8,4.13
Potato,Sandy,1.91,122.64,57.26,37.98,5.66,36.31,348.32,27202.68,182.52,29.75
Wheat,Clay,7.73,103.55,26.73,31.01,8.05,15.14,882.14,81617.91,555.09,24.09
Barley,Silt,3.46,122.0,52.22,34.67,7.54,19.77,949.51,61981.58,319.0,9.52
Cotton,Clay,7.47,132.55,47.05,16.35,6.18,24.17,808.76,102589.25,672.68,15.97
Rice,Sandy,5.32,57.87,79.38,73.24,8.04,35.62,1554.01,31605.75,439.96,22.17
Cotton,Loamy,7.59,59.06,56.78,111.78,7.03,37.05,332.16,150162.88,651.38,18.36
Maize,Loamy,1.81,70.23,69.51,140.86,7.1,18.3,1652.21,15344.34,190.12,8.37
Groundnut,Clay,4.75,114.82,66.15,112.15,5.08,27.99,1421.24,65979.25,558.12,15.86
Wheat,Clay,1.09,98.28,73.81,66.23,7.93,22.2,1155.15,19640.26,107.7,3.95
Rice,Peaty,2.73,51.48,59.28,38.92,6.62,15.46,511.47,50694.79,166.82,10.6
Sugarcane,Silt,2.66,31.87,40.34,32.03,6.53,31.84,1325.08,28254.88,111.0,118.34
Barley,Peaty,3.8,59.49,50.0,48.14,7.28,34.14,988.98,70670.1,244.02,11.05
Barley,Loamy,2.24,127.22,75.72,120.36,8.22,22.04,671.57,28447.79,291.54,6.43
Groundnut,Silt,5.87,72.35,47.8,41.67,6.51,26.54,1651.78,59989.55,398.09,17.25
Cotton,Loamy,0.69,106.96,12.49,149.65,8.05,21.84,686.12,8754.78,71.66,1.41
Maize,Silt,3.52,94.54,21.5,129.21,7.84,25.96,1579.09,35035.08,333.44,13.41
Maize,Loamy,4.85,88.06,72.95,145.94,7.22,32.57,425.71,39840.56,567.43,25.84
Potato,Sandy,4.74,57.03,52.51,40.0,7.19,19.0,395.74,54979.26,291.41,65.53
Rice,Silt,1.02,41.19,48.41,79.94,5.16,15.17,1782.1,18577.63,65.35,3.43
Tomato,Loamy,3.03,61.38,55.43,134.18,5.64,34.33,482.33,28199.23,282.36,56.31
Rice,Peaty,9.21,75.13,15.44,144.56,8.08,32.36,1700.21,86639.02,802.66,38.47
Cotton,Sandy,8.76,115.63,34.25,119.54,5.92,22.56,461.86,207689.72,940.94,18.41
Sugarcane,Peaty,4.22,135.19,33.45,120.1,7.99,25.02,867.26,84163.09,493.5,242.16
Potato,Peaty,8.27,74.67,65.98,102.42,5.01,20.83,1040.84,143669.1,781.09,118.72
Potato,Sandy,1.57,138.87,29.63,146.7,5.64,23.31,1429.3,28430.04,196.2,30.03
Maize,Silt,8.51,48.19,40.97,35.99,7.09,20.76,800.76,122795.59,436.55,28.37
Groundnut,Silt,7.02,71.48,70.54,108.78,5.03,29.18,440.59,144667.3,677.68,22.4
Wheat,Sandy,9.47,73.3,56.31,107.96,8.05,15.78,906.5,196047.61,867.39,35.27
Wheat,Clay,2.83,80.68,12.26,102.34,6.94,30.34,1695.21,53030.41,214.85,9.1
Potato,Clay,8.62,43.32,21.31,42.89,6.78,17.86,1707.18,209658.88,371.07,141.52
Cotton,Sandy,9.98,133.09,56.97,109.67,5.43,35.11,389.46,113267.26,1219.32,25.99
Groundnut,Silt,1.75,136.32,78.89,40.25,8.03,23.98,872.05,17903.24,195.18,4.21
Potato,Clay,1.01,130.92,56.32,134.69,7.51,18.02,1710.87,23248.09,129.8,18.07
Sugarcane,Loamy,7.19,107.4,72.78,22.11,5.5,28.76,1228.7,40780.06,643.07,325.31
Groundnut,Peaty,7.51,57.94,43.87,124.9,8.34,20.3,679.56,178714.44,630.76,19.2
Wheat,Sandy,3.21,98.43,55.89,94.98,5.35,37.89,900.62,57080.48,321.51,12.66
Maize,Silt,7.78,55.45,11.5,142.46,5.59,15.22,655.7,75506.96,584.25,32.95
Tomato,Loamy,4.84,69.31,48.85,47.87,5.18,36.6,580.05,43409.66,331.84,89.6
Rice,Sandy,0.68,37.75,36.47,107.3,5.8,24.73,1136.02,15373.84,44.33,2.36
Sugarcane,Silt,5.15,109.61,17.69,72.33,5.06,15.77,1024.43,56443.34,430.27,258.22
Potato,Clay,4.81,68.95,44.81,20.46,8.12,37.96,572.23,35648.35,281.7,60.1
Soybean,Silt,8.56,110.22,41.48,97.74,7.41,26.79,1013.48,153156.18,864.27,22.41
Maize,Silt,6.32,106.3,55.0,85.17,7.39,25.34,662.51,31789.92,636.64,29.38
Groundnut,Silt,5.79,106.8,36.72,58.08,7.98,20.06,570.37,30762.71,495.2,13.74
Barley,Sandy,5.62,50.53,15.06,115.53,7.65,37.95,1650.04,132091.39,370.35,17.28
Potato,Clay,4.05,126.65,41.72,57.56,8.29,34.54,1565.5,61683.87,393.59,69.74
Tomato,Clay,5.95,138.06,30.37,122.24,6.72,15.92,1444.53,49773.05,700.68,145.0
Potato,Loamy,3.74,66.7,62.91,24.85,8.03,24.89,1171.94,75287.19,246.49,50.4
Tomato,Loamy,5.2,132.43,10.08,135.72,6.09,22.16,642.13,58919.62,576.53,108.6
Cotton,Clay,9.04,32.27,20.0,131.37,6.4,18.89,1066.0,120543.26,574.49,16.89
Groundnut,Loamy,3.52,134.78,65.24,112.74,5.65,35.92,1541.81,29139.07,448.41,12.19
Maize,Peaty,5.72,101.61,75.69,101.18,6.27,25.34,1590.79,43557.95,637.44,26.71
Maize,Clay,2.86,48.15,23.49,92.59,6.15,33.87,575.92,40941.48,175.45,10.22
Tomato,Peaty,1.03,137.33,65.34,81.17,5.3,28.63,1438.15,9082.86,122.78,23.25
Cotton,Clay,7.8,116.36,71.55,141.59,6.42,28.08,1485.99,147722.63,1008.15,22.2
Barley,Clay,3.17,51.48,25.58,110.73,5.3,32.06,1340.14,31748.63,219.31,8.35
Cotton,Loamy,7.74,125.18,69.65,145.26,7.03,35.9,1512.77,177208.87,1037.45,16.2
Potato,Silt,8.08,35.26,37.72,51.65,6.02,17.83,1508.65,41907.76,389.69,111.61
Groundnut,Clay,2.96,78.6,55.69,31.38,5.61,20.69,1760.62,38317.71,210.16,7.76
Soybean,Clay,5.16,28.89,12.43,78.28,6.4,18.15,1331.4,128251.87,221.36,11.09
Barley,Sandy,8.4,75.63,61.62,32.3,6.79,21.42,541.75,113609.54,606.05,21.68
Barley,Peaty,1.79,118.67,74.53,121.75,5.7,24.46,1201.26,14662.71,224.56,5.62
Soybean,Sandy,5.34,81.3,67.0,116.66,8.2,34.16,680.82,62086.87,547.1,13.46
Barley,Clay,9.09,25.32,32.57,91.84,6.81,30.05,1091.28,87054.38,483.8,23.28
Barley,Sandy,6.89,134.12,43.99,77.94,7.29,17.38,680.26,160995.13,743.98,23.12
Potato,Loamy,2.44,101.94,63.51,128.38,6.02,36.41,1129.42,46265.73,280.78,46.77
Barley,Clay,1.67,50.59,66.95,98.51,7.93,26.86,865.49,39076.78,136.1,4.2
Soybean,Clay,2.69,121.85,19.74,93.33,8.11,25.89,1419.85,56799.74,260.72,7.02
Sugarcane,Peaty,4.74,40.78,13.35,48.27,5.5,27.83,577.42,27419.38,190.78,163.63
Potato,Clay,6.68,45.26,58.75,56.82,8.06,22.75,1229.54,71579.25,421.89,109.9
Sugarcane,Sandy,9.51,62.86,55.63,115.29,5.08,37.06,816.66,83677.33,839.74,501.73
Wheat,Sandy,9.72,114.45,77.42,110.48,5.28,24.24,1269.9,116809.89,1179.73,34.13
Rice,Silt,9.37,24.2,63.85,112.57,8.37,36.41,1443.35,144347.91,668.97,30.36
Potato,Clay,7.57,111.18,55.54,68.31,7.13,15.92,1442.84,52924.75,744.06,125.32
Sugarcane,Clay,7.06,101.91,68.91,32.9,7.31,28.23,346.35,63777.69,624.39,310.62
Sugarcane,Sandy,4.53,129.88,44.86,68.84,7.63,16.68,434.22,81740.69,469.15,221.7
Barley,Loamy,9.2,66.6,51.75,82.59,8.44,34.11,1667.61,92844.7,725.13,27.74
Barley,Loamy,5.95,89.15,76.66,74.75,7.42,28.22,565.14,100211.79,581.12,18.72
Barley,Peaty,5.38,39.68,42.44,96.76,6.71,26.24,416.28,47405.42,354.09,15.04
Rice,Loamy,3.24,69.08,46.68,33.21,5.09,18.51,1240.28,20995.57,204.93,9.94
Cotton,Peaty,1.55,96.15,57.07,106.78,5.93,22.6,1123.02,13927.65,159.44,2.94
Sugarcane,Loamy,4.36,138.16,63.93,145.4,6.8,25.89,1433.18,98496.27,602.48,290.06
Groundnut,Loamy,2.5,85.47,22.59,61.9,8.26,18.36,1248.6,42166.82,175.93,5.42
Wheat,Clay,5.85,42.46,66.04,146.24,5.75,19.3,982.4,116705.1,535.24,19.85
Rice,Loamy,0.89,117.11,48.62,57.76,5.44,26.13,1087.89,16990.9,85.08,3.91
Groundnut,Silt,4.36,64.39,67.88,36.1,6.2,31.67,323.54,47005.14,305.8,11.96
Wheat,Peaty,8.38,92.33,23.08,88.17,5.99,22.44,827.29,52510.7,685.88,32.91
Maize,Loamy,6.79,64.55,55.22,63.09,7.36,31.77,1335.83,49453.12,497.91,29.75
Cotton,Loamy,5.45,54.28,27.39,117.46,5.41,23.51,527.22,55374.13,399.69,9.68
Wheat,Silt,7.2,84.48,42.85,84.03,7.23,30.18,733.44,56261.54,608.98,22.13
Wheat,Loamy,2.85,32.48,63.87,58.22,7.94,34.14,1301.69,52232.62,168.98,9.18
Cotton,Peaty,7.27,28.35,44.75,78.82,6.09,35.02,555.65,87595.01,405.05,15.07
Cotton,Sandy,9.78,45.96,19.86,85.3,7.9,15.92,1793.35,166662.65,552.55,20.31
Groundnut,Clay,5.84,72.01,42.12,145.89,6.04,29.43,930.09,36329.63,564.07,17.28
Wheat,Sandy,1.16,38.44,63.51,112.74,6.98,25.77,1632.49,23610.22,91.08,4.43
Barley,Silt,2.94,51.98,38.29,109.75,5.14,37.01,369.42,66459.89,218.05,9.43
Potato,Sandy,1.99,49.99,44.2,109.7,8.45,25.15,1077.28,30669.26,150.17,30.65
Wheat,Clay,0.58,20.21,16.84,28.71,7.47,19.71,1642.07,13751.04,14.85,1.79
Cotton,Clay,8.46,125.97,42.63,43.2,8.32,35.29,666.57,58457.54,786.55,16.13
Wheat,Clay,9.96,31.67,69.89,79.8,7.9,33.79,1673.99,109106.72,674.46,35.82
Maize,Peaty,1.41,33.35,73.09,88.01,7.52,20.18,549.41,30543.38,101.79,5.69
Rice,Clay,5.25,70.68,22.03,63.35,5.68,19.69,580.59,77617.62,331.67,20.15
Groundnut,Loamy,8.99,96.39,58.25,105.13,6.57,30.85,404.56,199450.58,925.79,29.48
Wheat,Clay,2.23,28.75,25.76,87.04,7.44,32.8,364.4,30302.09,113.5,6.06
Maize,Clay,5.02,98.43,20.21,40.01,5.72,20.49,639.83,64773.87,347.89,21.27
Soybean,Sandy,7.06,132.14,59.98,19.97,6.32,33.62,1737.91,87549.54,677.99,19.77
Rice,Peaty,4.03,55.62,20.67,33.64,5.46,17.62,660.77,44868.22,186.07,14.86
Tomato,Loamy,0.86,79.07,72.89,40.71,8.44,33.58,1364.74,15890.45,69.33,16.5
Maize,Clay,4.51,121.43,58.74,119.12,7.77,17.12,383.46,94759.05,540.75,20.03
Maize,Silt,4.72,22.64,12.82,126.66,7.13,27.05,1716.53,39901.89,256.74,17.95
Wheat,Silt,4.35,134.12,75.68,16.68,5.6,33.87,802.83,30031.23,444.79,16.37
Cotton,Peaty,0.84,132.28,51.03,55.25,5.52,34.08,1554.78,17851.44,86.47,1.84
Groundnut,Sandy,3.39,21.03,68.35,26.8,7.21,26.59,1090.03,79749.78,155.52,6.92
Tomato,Silt,6.64,56.44,72.91,95.12,5.73,21.03,948.72,49371.69,570.1,121.11
Groundnut,Silt,6.29,73.2,14.06,88.55,5.29,34.04,1247.94,101576.6,432.93,14.23
Barley,Clay,4.12,112.33,59.48,20.42,6.91,17.03,1793.78,94433.33,354.27,10.51
Wheat,Loamy,3.86,106.34,40.95,103.46,6.19,22.42,936.65,30527.61,388.13,15.68
Potato,Peaty,9.86,118.98,79.6,37.71,5.5,26.58,1257.97,83048.48,1012.21,183.49
Sugarcane,Silt,2.35,33.72,61.82,118.95,8.39,32.79,665.03,13651.65,181.81,122.06
Sugarcane,Peaty,3.46,128.71,50.96,44.01,8.11,37.85,430.02,77050.78,339.25,156.02
Maize,Peaty,9.19,136.81,28.35,43.73,5.28,27.92,320.41,121666.86,853.49,34.15
Groundnut,Peaty,7.31,32.64,26.76,40.22,6.24,20.42,666.66,126790.68,285.91,16.38
Groundnut,Clay,9.5,96.62,62.62,116.46,6.16,15.34,382.57,101144.14,1029.33,30.64
Rice,Sandy,9.91,58.7,69.01,39.34,5.22,23.7,1588.39,93278.22,681.07,31.04
Soybean,Peaty,9.41,21.51,60.92,56.74,6.31,25.79,940.19,144032.38,490.89,21.99
Potato,Sandy,4.8,82.84,78.77,23.1,6.71,32.8,526.74,82626.41,382.95,71.89
Sugarcane,Loamy,9.24,98.45,29.47,78.85,7.96,22.72,1088.16,171725.09,781.96,455.84
Soybean,Sandy,3.42,35.17,63.26,129.86,5.9,24.36,1047.85,53636.28,280.21,9.12
Groundnut,Peaty,8.56,111.04,52.1,61.88,5.65,23.0,1319.71,87852.22,812.73,23.26
Rice,Silt,8.9,103.92,33.91,73.48,5.5,18.87,546.44,67713.75,779.03,30.43
Potato,Sandy,6.58,138.85,71.54,21.16,6.48,34.76,502.01,144504.48,687.13,118.67
Soybean,Clay,8.82,101.24,56.05,43.78,5.41,24.55,579.87,62183.02,760.26,19.8
Groundnut,Loamy,3.08,112.15,69.7,120.15,7.21,26.82,1363.06,39494.78,369.79,10.51
Maize,Silt,7.13,84.31,71.97,49.02,6.33,32.89,1039.12,162432.43,610.61,30.44
Wheat,Peaty,3.59,26.79,68.32,21.1,7.29,22.22,588.19,65882.14,169.02,10.87
Sugarcane,Silt,2.25,52.78,38.63,109.4,7.24,27.24,1452.62,45419.35,168.22,110.23
Barley,Peaty,8.87,93.79,67.57,88.75,5.76,27.48,856.67,168121.78,892.02,28.0
Sugarcane,Sandy,7.0,46.06,78.9,128.63,7.76,22.59,1103.45,54219.01,652.53,350.12
Rice,Silt,6.66,66.82,44.9,133.21,5.38,33.21,556.13,38205.89,608.55,23.76
Maize,Silt,4.35,124.7,46.73,18.0,7.51,17.54,1484.07,36364.03,375.92,17.38
Cotton,Sandy,7.97,134.94,21.05,67.94,7.95,33.56,1237.19,82839.19,767.77,15.02
Tomato,Clay,9.26,40.75,50.1,93.89,6.29,23.11,1302.88,118182.24,634.91,174.38
Barley,Silt,1.03,69.04,13.68,89.32,6.08,27.27,501.45,24416.03,68.94,3.34
Maize,Peaty,6.33,31.48,34.82,48.9,8.2,34.61,1169.75,97497.83,280.59,25.74
Maize,Peaty,1.51,135.7,50.13,35.39,6.09,33.41,1084.85,13260.32,149.08,6.03
Maize,Loamy,3.71,98.71,74.77,48.44,7.99,36.17,1653.0,89084.5,347.55,17.47
Soybean,Sandy,4.39,79.0,71.08,55.69,5.56,18.24,1540.49,88880.01,371.87,10.63
Rice,Loamy,0.87,88.19,37.89,147.01,6.78,27.7,1368.54,12709.2,89.41,3.39
Sugarcane,Loamy,4.98,81.7,68.51,114.71,5.93,15.39,1019.55,110552.78,511.77,290.06
Wheat,Peaty,8.86,89.61,41.12,119.6,7.59,27.38,430.99,208304.02,860.2,31.0
Cotton,Sandy,5.64,47.04,78.2,67.7,8.18,20.19,583.81,97754.65,423.48,11.63
Maize,Peaty,0.86,94.19,19.17,61.33,7.37,17.25,490.88,5360.64,62.92,4.08
Tomato,Silt,4.74,63.53,11.19,85.48,6.17,15.03,761.92,50154.72,293.56,89.47
Cotton,Clay,5.32,103.09,54.11,123.51,6.58,26.94,1515.6,72148.02,586.83,13.17
Barley,Sandy,2.16,60.63,25.69,63.48,5.81,28.33,1497.26,44801.39,128.87,5.72
Sugarcane,Sandy,6.14,67.93,68.49,113.53,7.62,19.51,1002.49,136568.44,586.03,304.69
Tomato,Loamy,8.69,45.55,37.34,57.94,5.53,21.66,649.16,204040.21,478.94,170.51
Wheat,Silt,0.71,83.18,27.52,30.43,8.09,19.58,1533.59,9422.13,43.85,1.79
Soybean,Loamy,8.28,44.03,50.55,78.0,6.47,35.46,956.04,53869.91,543.37,22.7
Groundnut,Peaty,1.2,77.81,72.7,40.4,6.16,24.11,1179.33,28144.81,96.41,3.17
Potato,Silt,2.31,98.21,12.05,54.41,6.91,21.38,1126.49,16819.16,161.98,40.82
Tomato,Clay,6.25,67.06,18.28,120.4,6.27,31.93,1069.47,123533.9,480.82,146.75
Sugarcane,Silt,3.02,132.3,42.05,32.22,6.51,17.92,1053.8,49065.06,280.13,142.18
Wheat,Clay,7.85,120.67,35.68,117.71,6.7,19.62,486.64,93385.55,862.52,26.8
Rice,Loamy,5.36,95.49,39.31,71.5,5.13,24.98,1310.23,72033.58,455.14,21.96
Sugarcane,Sandy,8.21,100.87,26.93,87.42,6.41,36.59,1211.0,67055.94,717.82,409.37
Wheat,Peaty,6.88,121.09,27.53,134.93,7.64,31.77,819.81,156523.96,770.72,26.46
Sugarcane,Peaty,7.11,108.93,28.14,61.45,8.47,23.61,1441.2,99866.13,597.99,340.85
Sugarcane,Loamy,6.04,77.37,48.43,41.74,6.91,37.93,1149.07,35576.79,426.44,301.08
Maize,Silt,8.69,43.76,74.45,74.64,7.6,27.58,684.94,160158.02,643.81,41.44
Rice,Loamy,6.24,138.88,28.57,23.42,5.11,31.35,1545.35,110428.17,548.28,25.19
Soybean,Peaty,2.22,130.96,17.25,88.3,6.1,21.24,1268.75,21385.72,219.69,6.49
Sugarcane,Peaty,6.94,107.33,57.81,136.96,5.81,16.98,383.2,156433.47,817.47,429.3
Tomato,Sandy,7.09,21.07,23.2,108.05,5.23,25.78,1293.87,144030.0,370.24,128.11
Cotton,Sandy,5.63,26.28,62.0,38.27,5.11,25.38,1598.46,45101.08,278.02,8.4
Potato,Sandy,3.95,89.62,23.51,123.27,7.64,31.0,1031.2,48660.73,360.65,63.46
Tomato,Peaty,6.34,23.36,75.23,85.6,5.15,22.88,415.27,81486.81,427.44,127.48
Soybean,Silt,1.63,49.39,17.01,124.01,5.47,28.69,814.11,15535.86,112.12,4.01
Potato,Clay,4.3,91.14,44.39,55.97,6.96,30.4,340.04,61584.75,344.62,60.5
Groundnut,Sandy,5.82,123.94,71.8,24.44,6.47,28.41,520.6,118294.46,570.97,17.98
Wheat,Silt,0.58,46.0,67.9,105.53,8.13,16.32,1195.45,9511.05,47.51,1.65
Cotton,Clay,6.29,42.96,29.13,101.45,6.64,34.73,813.57,65000.36,399.85,14.46
Maize,Sandy,7.82,33.24,11.92,51.95,5.94,33.84,1366.0,192671.05,289.21,30.9
Groundnut,Sandy,7.04,47.21,12.46,23.05,6.31,16.78,1194.96,126333.49,249.96,15.63
Wheat,Silt,5.16,71.63,38.49,73.2,8.39,30.67,772.81,101443.9,377.22,15.14
Maize,Sandy,2.01,25.68,23.72,93.56,7.75,18.89,462.83,40174.84,101.31,7.3
Tomato,Clay,7.29,59.21,30.27,85.7,5.28,17.71,563.79,149323.15,491.24,139.13
Groundnut,Loamy,6.9,70.84,45.76,43.91,6.93,37.52,410.17,73663.59,461.48,16.46
Groundnut,Loamy,8.97,87.55,34.65,96.82,5.31,15.22,325.64,117963.4,777.52,22.29
Cotton,Peaty,6.35,139.41,22.44,88.77,5.42,36.49,737.63,143199.8,668.27,12.64
Soybean,Clay,1.43,48.85,38.46,131.89,8.29,37.83,1738.79,7306.09,113.29,2.91
Soybean,Peaty,5.68,70.77,46.76,89.72,6.36,37.96,1764.76,137663.49,460.11,16.43
Potato,Peaty,8.98,69.91,64.93,138.13,7.49,24.72,398.69,190266.93,919.0,179.76
Cotton,Sandy,5.41,43.6,63.05,101.56,8.23,33.01,571.16,113661.56,419.35,10.95
Sugarcane,Silt,5.95,75.92,54.56,55.22,5.64,29.18,650.77,39268.66,454.4,232.41
Wheat,Sandy,7.65,65.02,44.02,69.96,7.28,23.19,1745.65,181408.23,543.74,27.56
Rice,Clay,1.33,108.66,38.12,79.85,8.41,22.92,1272.33,17073.0,124.27,5.47
Barley,Silt,7.07,27.82,77.42,62.11,7.91,22.32,1249.16,174468.82,449.14,21.48
Cotton,Peaty,5.7,61.82,40.4,60.25,6.18,27.48,587.95,89781.03,371.42,10.41
Cotton,Loamy,7.52,23.55,36.67,70.02,6.7,30.39,854.53,69638.28,356.71,15.7
Rice,Silt,6.62,40.24,78.34,80.9,5.2,36.56,1179.4,125687.18,501.34,24.43
Potato,Loamy,0.81,52.21,42.88,25.34,7.47,24.05,709.0,4128.9,41.44,12.3
Soybean,Clay,2.66,94.66,10.85,80.97,7.25,36.12,872.0,54069.5,202.29,6.52
Tomato,Clay,5.37,83.98,43.47,105.95,7.0,37.7,1538.8,55307.76,489.8,123.05
Sugarcane,Sandy,4.32,42.42,53.71,106.71,6.71,15.93,1284.19,94256.69,322.4,224.02
Wheat,Silt,2.4,126.67,32.55,16.81,7.95,36.66,1283.34,23155.57,195.75,6.98
Soybean,Peaty,6.5,82.67,32.35,34.5,6.94,21.58,649.5,84402.88,420.25,16.15
Wheat,Sandy,6.42,38.35,69.14,41.43,8.26,20.76,1400.82,68616.37,380.24,17.95
Potato,Loamy,0.97,86.7,11.45,28.97,6.22,16.0,900.67,7410.17,55.16,13.8
Potato,Sandy,6.45,73.45,16.43,98.59,5.57,16.76,1295.99,149916.45,470.05,100.44
Rice,Sandy,8.86,28.04,70.73,67.9,6.28,27.48,1735.63,203621.8,555.5,32.43
Potato,Silt,8.38,24.14,32.8,144.51,8.32,15.26,602.16,208421.3,574.3,127.92
Barley,Loamy,2.34,77.25,70.65,17.94,7.38,27.6,554.34,50054.82,169.43,6.31
Tomato,Loamy,8.37,96.62,72.88,100.03,7.59,34.24,382.11,171702.92,899.25,188.84
Barley,Loamy,1.28,108.31,48.26,143.73,5.64,28.94,617.37,22177.99,149.61,4.61
Maize,Clay,2.22,59.65,47.68,139.1,6.89,31.23,836.52,44521.97,201.42,10.79
Soybean,Peaty,0.75,26.97,69.94,144.68,7.41,23.38,1707.9,13716.1,63.76,2.11
Maize,Silt,4.1,77.44,23.03,54.42,7.72,35.56,1386.69,58670.33,263.58,14.14
Soybean,Clay,4.06,75.66,52.64,15.88,8.46,23.37,1572.14,63677.96,258.16,7.54
Maize,Sandy,9.85,122.5,75.12,121.48,6.6,19.72,612.12,79147.21,1258.52,52.11
Tomato,Clay,4.45,56.0,13.4,115.48,7.61,30.43,1265.45,43940.77,302.61,73.98
Soybean,Clay,5.17,56.82,17.14,23.47,6.22,33.51,1678.09,118478.13,218.54,12.34
Sugarcane,Silt,2.58,115.77,24.96,51.07,5.82,26.84,782.74,20890.41,215.0,119.18
Tomato,Peaty,4.72,99.17,77.18,28.5,6.69,16.14,1049.32,47367.94,419.7,110.95
Rice,Peaty,6.52,123.23,78.86,83.02,6.6,16.74,319.11,112018.51,770.0,24.82
Groundnut,Peaty,6.34,71.05,18.89,55.01,6.99,30.1,993.5,133740.27,378.04,14.11
Maize,Clay,7.02,101.72,48.68,91.08,7.57,21.21,829.15,157383.32,685.14,29.7
Wheat,Sandy,7.18,139.99,40.47,72.79,7.95,33.53,1396.61,102349.52,775.06,23.74
Barley,Peaty,6.44,79.8,35.7,134.01,5.39,26.2,591.55,143007.57,607.43,18.57
Potato,Sandy,8.43,110.3,42.24,72.94,8.14,21.63,673.53,200433.87,791.56,147.19
Maize,Sandy,3.08,68.16,12.61,118.78,7.93,19.58,602.17,17999.97,230.4,14.62
Rice,Peaty,3.27,91.67,60.21,75.39,8.06,26.89,516.38,57112.16,302.94,12.16
Barley,Sandy,4.22,68.34,55.55,86.14,6.31,37.76,753.28,44555.0,347.28,14.5
Soybean,Sandy,6.11,39.49,79.01,77.67,7.09,18.69,734.07,105644.07,456.05,15.08
Rice,Sandy,3.06,98.43,30.37,94.21,7.12,17.8,1122.95,16018.65,274.04,12.0
Wheat,Clay,1.19,132.65,42.11,141.69,5.38,36.85,463.8,16960.79,149.79,5.2
Cotton,Loamy,0.83,115.17,51.71,84.38,5.12,30.02,557.44,19618.67,86.02,1.84
Wheat,Loamy,8.87,84.53,70.0,51.58,7.64,28.22,372.63,116220.52,760.23,26.72
Soybean,Sandy,5.01,92.03,49.97,20.26,7.63,36.83,823.02,43076.28,361.27,11.41
Soybean,Peaty,1.89,120.42,39.79,44.9,5.3,24.58,1226.96,34586.75,169.27,5.13
Groundnut,Sandy,9.86,98.56,41.8,134.91,7.43,23.02,1626.13,180845.48,1050.32,30.91
Potato,Sandy,6.74,109.36,41.78,26.27,7.7,16.1,1376.87,156499.65,534.34,98.28
Wheat,Clay,2.71,87.47,75.99,84.16,5.39,29.44,1399.27,34894.38,269.54,10.21
Groundnut,Sandy,3.68,60.99,77.15,122.81,6.6,19.6,1516.52,29946.14,361.1,10.17
Maize,Sandy,2.83,97.86,53.34,125.81,5.62,31.09,341.06,53462.91,305.16,15.29
Groundnut,Sandy,6.04,107.89,34.11,104.67,8.15,31.71,1366.53,76307.68,597.62,18.59
Barley,Sandy,2.45,63.71,55.51,131.33,5.46,33.72,1519.24,41011.78,228.98,8.27
Potato,Peaty,2.11,123.54,44.87,48.2,7.41,35.51,1248.48,25220.71,198.81,34.48
Wheat,Silt,2.56,75.51,52.3,60.79,6.04,15.95,348.9,27101.56,197.13,8.7
Rice,Clay,4.39,50.27,38.05,33.73,5.4,21.9,1793.02,50661.01,221.79,16.36
Wheat,Clay,4.67,115.65,16.55,39.61,8.41,26.64,366.46,27778.9,356.5,15.93
Potato,Silt,2.05,119.63,32.72,71.57,7.39,23.13,1243.0,46560.44,193.53,37.08
Tomato,Silt,3.24,54.26,34.4,81.62,6.46,18.06,545.18,38367.26,211.53,66.13
Soybean,Peaty,7.52,108.47,39.93,31.8,6.86,23.77,506.88,185225.17,599.58,17.38
